id,name,id,name,eserviceid,eserviceName,producerName,tokenCount
0,Totale,12,Pubbliche Amministrazioni Centrali,6ee0e5c9-1382-40fc-ad1b-2f185abec256,C019-servizioAccertamentoEsistenzaVita,Ministero dell'Interno,2351705.0
0,Totale,12,Pubbliche Amministrazioni Centrali,a9305611-005c-4604-a57e-2968c9708e4a,C032-servizioAccertamentoElettorale,Ministero dell'Interno,1837370.0
0,Totale,12,Pubbliche Amministrazioni Centrali,cfc8a94d-001a-4ab6-bb5c-2509b2a68af1,SEND - Servizio Notifiche Digitali,PagoPa S.p.A.,425240.0
0,Totale,12,Pubbliche Amministrazioni Centrali,12d5ff12-7894-4c89-bbfc-033418fb1e38,C030-servizioAccertamentoIdUnicoNazionale-approvazione_autom,Ministero dell'Interno,888473.0
0,Totale,12,Pubbliche Amministrazioni Centrali,09344d93-af98-45d9-89b8-dea7ee32e2fc,C029-servizioAccertamentoDatiAnagrafici,Ministero dell'Interno,582273.0
0,Totale,12,Pubbliche Amministrazioni Centrali,919f4373-396c-4eac-9585-0211e7652c1a,C033-servizioAccertamentoResidenzaSenzaDecesso,Ministero dell'Interno,536764.0
0,Totale,12,Pubbliche Amministrazioni Centrali,c3718b5a-510c-4f8b-9195-4ca58478e733,ANS - IFS02 - Academic enrollments,MINISTERO DELL'UNIVERSITA' E DELLA RICERCA,3638455.0
0,Totale,12,Pubbliche Amministrazioni Centrali,69abfe02-3e83-4b10-82ae-8af6b9aedc7c,ANS - IFS03 - Academic qualification degrees,MINISTERO DELL'UNIVERSITA' E DELLA RICERCA,4281378.0
0,Totale,12,Pubbliche Amministrazioni Centrali,2abffc64-7511-40c9-991d-86f282137726,Servizi consultazione Registro Imprese,"Unione Italiana delle Camere di Commercio Industria, Artigianato e Agricoltura",759780.0
0,Totale,12,Pubbliche Amministrazioni Centrali,b943e5ed-1cdc-4010-8bd7-da6ee221b923,ANIS - Consultazione Titoli [IFS03],MINISTERO DELL'UNIVERSITA' E DELLA RICERCA,5452070.0
0,Totale,6,Altre Pubbliche Amministrazioni Centrali,507575d6-3fec-415b-9a75-53a3b83c26e6,GESTIONE ANAGRAFICHE MEDICI,Federazione Nazionale degli Ordini dei Medici Chirurghi e degli Odontoiatri,705289.0
0,Totale,6,Altre Pubbliche Amministrazioni Centrali,cfc8a94d-001a-4ab6-bb5c-2509b2a68af1,SEND - Servizio Notifiche Digitali,PagoPa S.p.A.,24840.0
0,Totale,6,Altre Pubbliche Amministrazioni Centrali,12d5ff12-7894-4c89-bbfc-033418fb1e38,C030-servizioAccertamentoIdUnicoNazionale-approvazione_autom,Ministero dell'Interno,110243.0
0,Totale,6,Altre Pubbliche Amministrazioni Centrali,fc07b6a0-0eaf-45ae-a3f6-f607b7572b82,INVIO_Offerta formativa Microcredito-FSL_044,Ministero del Lavoro e delle Politiche Sociali,3792.0
0,Totale,6,Altre Pubbliche Amministrazioni Centrali,cddca182-b3f8-4599-89d4-b8a09375202f,ElabMassivaAccertIdUnicoNazionale,Ministero dell'Interno,187437.0
0,Totale,6,Altre Pubbliche Amministrazioni Centrali,6f5ca134-c8bd-4a4f-93b2-ebe7cba8ba69,GESTIONE ANAGRAFICHE ODONTOIATRI,Federazione Nazionale degli Ordini dei Medici Chirurghi e degli Odontoiatri,543817.0
0,Totale,6,Altre Pubbliche Amministrazioni Centrali,ea3e08b5-47d2-47e4-bcd8-9fe7a988a3c9,C003-servizioVerificaDichGeneralita-approvazione_automatica,Ministero dell'Interno,373154.0
0,Totale,6,Altre Pubbliche Amministrazioni Centrali,2cdb3e83-cc2a-4464-96a8-42c968693e05,Invio EAA Tesserino - IT Wallet,Federazione Nazionale degli Ordini dei Medici Chirurghi e degli Odontoiatri,134972.0
0,Totale,6,Altre Pubbliche Amministrazioni Centrali,e0be209b-04d5-43d1-92b4-97a080e7ac28,CONSULTAZIONE_Interesse a corsi Microcredito-FSL_046,Ministero del Lavoro e delle Politiche Sociali,424173.0
0,Totale,6,Altre Pubbliche Amministrazioni Centrali,936f081c-141e-4601-a9aa-4a6b5437bbfe,ANPR-Certificazione,Ministero dell'Interno,78887.0
0,Totale,1,Altre Pubbliche Amministrazioni locali,6ee0e5c9-1382-40fc-ad1b-2f185abec256,C019-servizioAccertamentoEsistenzaVita,Ministero dell'Interno,658570.0
0,Totale,1,Altre Pubbliche Amministrazioni locali,cfc8a94d-001a-4ab6-bb5c-2509b2a68af1,SEND - Servizio Notifiche Digitali,PagoPa S.p.A.,2659844.0
0,Totale,1,Altre Pubbliche Amministrazioni locali,ce093b84-bcb2-4bdd-ae75-0fc1dcf56ce1,PCP - Pubblica avviso,Autorita' Nazionale Anticorruzione - A.N.AC.,468805.0
0,Totale,1,Altre Pubbliche Amministrazioni locali,8fe27f7f-b559-4c51-90b6-a4d6eae4ae01,C020-servizioAccertamentoResidenza,Ministero dell'Interno,156083.0
0,Totale,1,Altre Pubbliche Amministrazioni locali,12d5ff12-7894-4c89-bbfc-033418fb1e38,C030-servizioAccertamentoIdUnicoNazionale-approvazione_autom,Ministero dell'Interno,1053804.0
0,Totale,1,Altre Pubbliche Amministrazioni locali,28a33c9f-7450-4f66-8776-4db37adab3a5,PCP - Servizi comuni,Autorita' Nazionale Anticorruzione - A.N.AC.,594414.0
0,Totale,1,Altre Pubbliche Amministrazioni locali,84ff6795-2255-4784-95d8-c4eb4b89a6b5,PCP – Comunica appalto,Autorita' Nazionale Anticorruzione - A.N.AC.,248184.0
0,Totale,1,Altre Pubbliche Amministrazioni locali,52362c8e-eccf-490c-935b-dcb56ec66c01,C007–ServizioVerificaDichEsistenzaVita-approvazione_automati,Ministero dell'Interno,177747.0
0,Totale,1,Altre Pubbliche Amministrazioni locali,592fa08b-3c3b-459a-af7e-ae0330f38eb3,PCP - FVC,Autorita' Nazionale Anticorruzione - A.N.AC.,108716.0
0,Totale,1,Altre Pubbliche Amministrazioni locali,2d97cffc-27cb-4705-a21d-9e1084aec9e3,INAD CONSULTAZIONE DD,Agenzia per L'Italia Digitale,2649674.0
0,Totale,2,Aziende sanitarie locali e Strutture di ricovero,724b2695-6453-4095-ad75-9f81a5a3b190,C016-servizioAccertamentoDichDecesso,Ministero dell'Interno,7317.0
0,Totale,2,Aziende sanitarie locali e Strutture di ricovero,cfc8a94d-001a-4ab6-bb5c-2509b2a68af1,SEND - Servizio Notifiche Digitali,PagoPa S.p.A.,37391.0
0,Totale,2,Aziende sanitarie locali e Strutture di ricovero,ce093b84-bcb2-4bdd-ae75-0fc1dcf56ce1,PCP - Pubblica avviso,Autorita' Nazionale Anticorruzione - A.N.AC.,568.0
0,Totale,2,Aziende sanitarie locali e Strutture di ricovero,8fe27f7f-b559-4c51-90b6-a4d6eae4ae01,C020-servizioAccertamentoResidenza,Ministero dell'Interno,11202.0
0,Totale,2,Aziende sanitarie locali e Strutture di ricovero,12d5ff12-7894-4c89-bbfc-033418fb1e38,C030-servizioAccertamentoIdUnicoNazionale-approvazione_autom,Ministero dell'Interno,20707.0
0,Totale,2,Aziende sanitarie locali e Strutture di ricovero,28a33c9f-7450-4f66-8776-4db37adab3a5,PCP - Servizi comuni,Autorita' Nazionale Anticorruzione - A.N.AC.,836.0
0,Totale,2,Aziende sanitarie locali e Strutture di ricovero,3ec6f973-36ab-4816-8e96-22ffb512648c,C021-servizioAccertamentoStatoFamiglia,Ministero dell'Interno,486.0
0,Totale,2,Aziende sanitarie locali e Strutture di ricovero,dfc8c208-813a-4da1-be6c-b20789f6cd93,PCP - Comunica post pubblicazione,Autorita' Nazionale Anticorruzione - A.N.AC.,465.0
0,Totale,2,Aziende sanitarie locali e Strutture di ricovero,87fa140e-24ec-4bfa-92b1-4b7cd5997996,AUSA - Anagrafe Unica delle Stazioni Appaltanti,Autorita' Nazionale Anticorruzione - A.N.AC.,451.0
0,Totale,2,Aziende sanitarie locali e Strutture di ricovero,2d97cffc-27cb-4705-a21d-9e1084aec9e3,INAD CONSULTAZIONE DD,Agenzia per L'Italia Digitale,2625.0
0,Totale,3,Comuni,a308cad0-9bf2-4346-954e-6dde312f9e16,C018-servizioAccertamentoCittadinanza-approvazione_automatic,Ministero dell'Interno,7489782.0
0,Totale,3,Comuni,0aa3313a-41bc-4c0b-af2b-338483583525,ANNCSU - Aggiornamento coordinate,Agenzia delle Entrate,3716455.0
0,Totale,3,Comuni,cfc8a94d-001a-4ab6-bb5c-2509b2a68af1,SEND - Servizio Notifiche Digitali,PagoPa S.p.A.,197290913.0
0,Totale,3,Comuni,12d5ff12-7894-4c89-bbfc-033418fb1e38,C030-servizioAccertamentoIdUnicoNazionale-approvazione_autom,Ministero dell'Interno,6223080.0
0,Totale,3,Comuni,c0e20947-7c1a-416e-9abf-0dfbfb3fec24,C002-servizioComunicazione-approvazione_automatica,Ministero dell'Interno,7480501.0
0,Totale,3,Comuni,5e023f06-e5d4-4f8a-b7b8-299b97d2abee,C021-servizioAccertamentoStatoFamiglia-approvazione_automati,Ministero dell'Interno,8545470.0
0,Totale,3,Comuni,57d95a2a-d740-43be-8083-b09077856e72,ANNCSU - Aggiornamento accessi,Agenzia delle Entrate,6382163.0
0,Totale,3,Comuni,a152b46b-f330-494d-9845-82c460bc9fcf,C020-servizioAccertamentoResidenza-approvazione_automatica,Ministero dell'Interno,30461121.0
0,Totale,3,Comuni,fd741918-cac1-4d5f-9437-15b520b4cce3,C019-servizioAccertamentoEsistenzaVita-approvazione_automati,Ministero dell'Interno,1556416.0
0,Totale,3,Comuni,2d97cffc-27cb-4705-a21d-9e1084aec9e3,INAD CONSULTAZIONE DD,Agenzia per L'Italia Digitale,18305928.0
0,Totale,5,Province e Città Metropolitane,cfc8a94d-001a-4ab6-bb5c-2509b2a68af1,SEND - Servizio Notifiche Digitali,PagoPa S.p.A.,412171.0
0,Totale,5,Province e Città Metropolitane,e9ed562f-cc12-46ab-91e3-e8199bee9728,C001–servizioNotifica-approvazione_automatica,Ministero dell'Interno,1010.0
0,Totale,5,Province e Città Metropolitane,8fe27f7f-b559-4c51-90b6-a4d6eae4ae01,C020-servizioAccertamentoResidenza,Ministero dell'Interno,80521.0
0,Totale,5,Province e Città Metropolitane,12d5ff12-7894-4c89-bbfc-033418fb1e38,C030-servizioAccertamentoIdUnicoNazionale-approvazione_autom,Ministero dell'Interno,55884.0
0,Totale,5,Province e Città Metropolitane,28a33c9f-7450-4f66-8776-4db37adab3a5,PCP - Servizi comuni,Autorita' Nazionale Anticorruzione - A.N.AC.,709.0
0,Totale,5,Province e Città Metropolitane,ef62480c-7664-4c66-9fb6-94cf3e4d97e4,Consultazione competenze e profili Minerva,Dipartimento della Funzione Pubblica,2320.0
0,Totale,5,Province e Città Metropolitane,a152b46b-f330-494d-9845-82c460bc9fcf,C020-servizioAccertamentoResidenza-approvazione_automatica,Ministero dell'Interno,12291.0
0,Totale,5,Province e Città Metropolitane,52362c8e-eccf-490c-935b-dcb56ec66c01,C007–ServizioVerificaDichEsistenzaVita-approvazione_automati,Ministero dell'Interno,14914.0
0,Totale,5,Province e Città Metropolitane,87fa140e-24ec-4bfa-92b1-4b7cd5997996,AUSA - Anagrafe Unica delle Stazioni Appaltanti,Autorita' Nazionale Anticorruzione - A.N.AC.,608.0
0,Totale,5,Province e Città Metropolitane,2d97cffc-27cb-4705-a21d-9e1084aec9e3,INAD CONSULTAZIONE DD,Agenzia per L'Italia Digitale,234606.0
0,Totale,7,Regioni e Province Autonome,463cf9fe-9d72-463e-922d-e200ba45fdae,ANIST - Accertamento Frequenze,Ministero dell'istruzione e del merito,119364.0
0,Totale,7,Regioni e Province Autonome,12d5ff12-7894-4c89-bbfc-033418fb1e38,C030-servizioAccertamentoIdUnicoNazionale-approvazione_autom,Ministero dell'Interno,287135.0
0,Totale,7,Regioni e Province Autonome,843ac013-941a-4afe-8243-e668142e73e6,Consultazione Attestazione ISEE,Istituto Nazionale Previdenza Sociale - INPS,522885.0
0,Totale,7,Regioni e Province Autonome,28a33c9f-7450-4f66-8776-4db37adab3a5,PCP - Servizi comuni,Autorita' Nazionale Anticorruzione - A.N.AC.,757971.0
0,Totale,7,Regioni e Province Autonome,9177c75a-24bd-4cff-ae81-8ed0e03bf4f1,Ricezione Comunicazioni Obbligatorie - UniSomm,Ministero del Lavoro e delle Politiche Sociali,326539.0
0,Totale,7,Regioni e Province Autonome,a152b46b-f330-494d-9845-82c460bc9fcf,C020-servizioAccertamentoResidenza-approvazione_automatica,Ministero dell'Interno,273398.0
0,Totale,7,Regioni e Province Autonome,c0db9916-d66a-4dc5-8ffc-c1e268e20cc4,VCF1 - Verifica Booleana Codice Fiscale ,Agenzia delle Entrate,105083.0
0,Totale,7,Regioni e Province Autonome,3ec6f973-36ab-4816-8e96-22ffb512648c,C021-servizioAccertamentoStatoFamiglia,Ministero dell'Interno,99823.0
0,Totale,7,Regioni e Province Autonome,592fa08b-3c3b-459a-af7e-ae0330f38eb3,PCP - FVC,Autorita' Nazionale Anticorruzione - A.N.AC.,319365.0
0,Totale,7,Regioni e Province Autonome,a158fc5c-b5cc-4d0f-a8a7-9c6481cbf8cd,Ricezione Comunicazioni Obbligatorie - Unilav,Ministero del Lavoro e delle Politiche Sociali,3039866.0
0,Totale,9,Stazioni Appaltanti e Gestori di pubblici servizi,cfc8a94d-001a-4ab6-bb5c-2509b2a68af1,SEND - Servizio Notifiche Digitali,PagoPa S.p.A.,16475557.0
0,Totale,9,Stazioni Appaltanti e Gestori di pubblici servizi,e77ceead-0967-44f1-958d-367d7b7fcaaa,DGMOT-AppIO-La mia Patente,Ministero delle infrastrutture e dei trasporti,4924561.0
0,Totale,9,Stazioni Appaltanti e Gestori di pubblici servizi,12d5ff12-7894-4c89-bbfc-033418fb1e38,C030-servizioAccertamentoIdUnicoNazionale-approvazione_autom,Ministero dell'Interno,4024155.0
0,Totale,9,Stazioni Appaltanti e Gestori di pubblici servizi,dc9cdf88-1696-4b90-b29e-c116cc0f8c24,SEND - solo per SCP (Società a controllo pubblico),PagoPa S.p.A.,2122715.0
0,Totale,9,Stazioni Appaltanti e Gestori di pubblici servizi,579dcb3b-cc97-43dc-8080-64855408dd26,C001–servizioNotifica,Ministero dell'Interno,3074555.0
0,Totale,9,Stazioni Appaltanti e Gestori di pubblici servizi,28a33c9f-7450-4f66-8776-4db37adab3a5,PCP - Servizi comuni,Autorita' Nazionale Anticorruzione - A.N.AC.,4070180.0
0,Totale,9,Stazioni Appaltanti e Gestori di pubblici servizi,b5db89e0-1752-497c-983d-5ada7b20a12e,DGMOT-ITWALLET-Richiesta Patente con Emissione Sincrona,Ministero delle infrastrutture e dei trasporti,63886977.0
0,Totale,9,Stazioni Appaltanti e Gestori di pubblici servizi,84ff6795-2255-4784-95d8-c4eb4b89a6b5,PCP – Comunica appalto,Autorita' Nazionale Anticorruzione - A.N.AC.,4188506.0
0,Totale,9,Stazioni Appaltanti e Gestori di pubblici servizi,04b6e72d-2dfe-47cf-96e7-b7dc22ccbfcd,DGMOT-AppIO-I miei Veicoli,Ministero delle infrastrutture e dei trasporti,2990001.0
0,Totale,9,Stazioni Appaltanti e Gestori di pubblici servizi,592fa08b-3c3b-459a-af7e-ae0330f38eb3,PCP - FVC,Autorita' Nazionale Anticorruzione - A.N.AC.,4722001.0
0,Totale,10,Università e AFAM,68d133fc-f21f-48d1-9b03-db72675b4925,Consultazione iscrizioni accademiche (IFS02),Universita' degli Studi di Palermo,4254.0
0,Totale,10,Università e AFAM,cfc8a94d-001a-4ab6-bb5c-2509b2a68af1,SEND - Servizio Notifiche Digitali,PagoPa S.p.A.,265141.0
0,Totale,10,Università e AFAM,12d5ff12-7894-4c89-bbfc-033418fb1e38,C030-servizioAccertamentoIdUnicoNazionale-approvazione_autom,Ministero dell'Interno,9341.0
0,Totale,10,Università e AFAM,843ac013-941a-4afe-8243-e668142e73e6,Consultazione Attestazione ISEE,Istituto Nazionale Previdenza Sociale - INPS,62223.0
0,Totale,10,Università e AFAM,78fd67d2-a23e-46f4-8ff0-734c04b54feb,ANIST - Accertamento Titoli,Ministero dell'istruzione e del merito,4331.0
0,Totale,10,Università e AFAM,8ffc6245-0ab1-4e2e-8423-6e1a855c320a,Consultazione Indicatore ISEE,Istituto Nazionale Previdenza Sociale - INPS,17508.0
0,Totale,10,Università e AFAM,3e9012a3-1ca5-4960-9001-318587d07a09,Consultazione numero iscritti a un corso di studi (IFS09),Universita' degli Studi di Palermo,4250.0
0,Totale,10,Università e AFAM,3365dfc2-fd5a-4fa3-99f0-ff43ffb5491b,Consultazione titoli accademici (IFS03),Universita' degli Studi di Palermo,4254.0
0,Totale,10,Università e AFAM,06dc337f-0d99-4743-a521-5e5f957e0b32,Consultazione variazioni iscrizioni accademiche (IFS06),Universita' degli Studi di Palermo,4250.0
0,Totale,10,Università e AFAM,b943e5ed-1cdc-4010-8bd7-da6ee221b923,ANIS - Consultazione Titoli [IFS03],MINISTERO DELL'UNIVERSITA' E DELLA RICERCA,646055.0
0,Totale,4,Enti Nazionali di Previdenza ed Assistenza Sociale,6ee0e5c9-1382-40fc-ad1b-2f185abec256,C019-servizioAccertamentoEsistenzaVita,Ministero dell'Interno,180835.0
0,Totale,4,Enti Nazionali di Previdenza ed Assistenza Sociale,8fe27f7f-b559-4c51-90b6-a4d6eae4ae01,C020-servizioAccertamentoResidenza,Ministero dell'Interno,260588.0
0,Totale,4,Enti Nazionali di Previdenza ed Assistenza Sociale,8177f7f9-9c7b-4c2e-a810-65880ff8b66b,C017-servizioAccertamentoMatrimonio,Ministero dell'Interno,50017.0
0,Totale,4,Enti Nazionali di Previdenza ed Assistenza Sociale,e7d5bac0-7b04-40ae-a7ae-aa094dcc8572,Invio Comunicazioni Obbligatorie - Unilav,Ministero del Lavoro e delle Politiche Sociali,27258.0
0,Totale,4,Enti Nazionali di Previdenza ed Assistenza Sociale,bfc9fb06-8886-45a4-9ce9-bc93264958ce,C015-servizioAccertamentoGeneralita,Ministero dell'Interno,227482.0
0,Totale,4,Enti Nazionali di Previdenza ed Assistenza Sociale,3ec6f973-36ab-4816-8e96-22ffb512648c,C021-servizioAccertamentoStatoFamiglia,Ministero dell'Interno,39124.0
0,Totale,4,Enti Nazionali di Previdenza ed Assistenza Sociale,fa6fb7f6-5544-4a3a-9c3b-9b29d68920ac,Ottieni Ultima Scheda di Validazione,Agenzia per le Erogazioni in Agricoltura - AGEA,36487.0
0,Totale,4,Enti Nazionali di Previdenza ed Assistenza Sociale,f2f3fad0-c3d7-4e97-8a29-492b603926dd,C030-servizioAccertamentoIdUnicoNazionale,Ministero dell'Interno,194047.0
0,Totale,4,Enti Nazionali di Previdenza ed Assistenza Sociale,c1c95f20-6f93-41b5-8c3e-a29d27a03b90,Invio dati al PNS,Ispettorato Nazionale del Lavoro,7880.0
0,Totale,4,Enti Nazionali di Previdenza ed Assistenza Sociale,2d97cffc-27cb-4705-a21d-9e1084aec9e3,INAD CONSULTAZIONE DD,Agenzia per L'Italia Digitale,495301.0
0,Totale,11,Enti privati,28c52471-0da2-47ce-9140-36a0cc69b1a8,PCP - FVPQOE,Autorita' Nazionale Anticorruzione - A.N.AC.,167332.0
0,Totale,11,Enti privati,ce093b84-bcb2-4bdd-ae75-0fc1dcf56ce1,PCP - Pubblica avviso,Autorita' Nazionale Anticorruzione - A.N.AC.,1766809.0
0,Totale,11,Enti privati,28a33c9f-7450-4f66-8776-4db37adab3a5,PCP - Servizi comuni,Autorita' Nazionale Anticorruzione - A.N.AC.,4190961.0
0,Totale,11,Enti privati,84ff6795-2255-4784-95d8-c4eb4b89a6b5,PCP – Comunica appalto,Autorita' Nazionale Anticorruzione - A.N.AC.,2991327.0
0,Totale,11,Enti privati,a5549d0a-0580-490c-9441-525f90a2259f,PCP - FVA,Autorita' Nazionale Anticorruzione - A.N.AC.,2220905.0
0,Totale,11,Enti privati,fd741918-cac1-4d5f-9437-15b520b4cce3,C019-servizioAccertamentoEsistenzaVita-approvazione_automati,Ministero dell'Interno,7465686.0
0,Totale,11,Enti privati,c0e26d8d-ac9c-4fb4-b960-edc335db4338,PCP - Gestione utenti,Autorita' Nazionale Anticorruzione - A.N.AC.,498712.0
0,Totale,11,Enti privati,dfc8c208-813a-4da1-be6c-b20789f6cd93,PCP - Comunica post pubblicazione,Autorita' Nazionale Anticorruzione - A.N.AC.,2746101.0
0,Totale,11,Enti privati,87fa140e-24ec-4bfa-92b1-4b7cd5997996,AUSA - Anagrafe Unica delle Stazioni Appaltanti,Autorita' Nazionale Anticorruzione - A.N.AC.,431779.0
0,Totale,11,Enti privati,592fa08b-3c3b-459a-af7e-ae0330f38eb3,PCP - FVC,Autorita' Nazionale Anticorruzione - A.N.AC.,2562122.0
0,Totale,8,Scuole,78fd67d2-a23e-46f4-8ff0-734c04b54feb,ANIST - Accertamento Titoli,Ministero dell'istruzione e del merito,13.0
0,Totale,8,Scuole,b943e5ed-1cdc-4010-8bd7-da6ee221b923,ANIS - Consultazione Titoli [IFS03],MINISTERO DELL'UNIVERSITA' E DELLA RICERCA,18.0
0,Totale,8,Scuole,2d97cffc-27cb-4705-a21d-9e1084aec9e3,INAD CONSULTAZIONE DD,Agenzia per L'Italia Digitale,10.0
0,Totale,0,Totale,a308cad0-9bf2-4346-954e-6dde312f9e16,C018-servizioAccertamentoCittadinanza-approvazione_automatic,Ministero dell'Interno,7833904.0
0,Totale,0,Totale,cfc8a94d-001a-4ab6-bb5c-2509b2a68af1,SEND - Servizio Notifiche Digitali,PagoPa S.p.A.,217611218.0
0,Totale,0,Totale,12d5ff12-7894-4c89-bbfc-033418fb1e38,C030-servizioAccertamentoIdUnicoNazionale-approvazione_autom,Ministero dell'Interno,12672822.0
0,Totale,0,Totale,28a33c9f-7450-4f66-8776-4db37adab3a5,PCP - Servizi comuni,Autorita' Nazionale Anticorruzione - A.N.AC.,9692036.0
0,Totale,0,Totale,b5db89e0-1752-497c-983d-5ada7b20a12e,DGMOT-ITWALLET-Richiesta Patente con Emissione Sincrona,Ministero delle infrastrutture e dei trasporti,63887001.0
0,Totale,0,Totale,5e023f06-e5d4-4f8a-b7b8-299b97d2abee,C021-servizioAccertamentoStatoFamiglia-approvazione_automati,Ministero dell'Interno,8582228.0
0,Totale,0,Totale,a152b46b-f330-494d-9845-82c460bc9fcf,C020-servizioAccertamentoResidenza-approvazione_automatica,Ministero dell'Interno,31231758.0
0,Totale,0,Totale,fd741918-cac1-4d5f-9437-15b520b4cce3,C019-servizioAccertamentoEsistenzaVita-approvazione_automati,Ministero dell'Interno,9514606.0
0,Totale,0,Totale,592fa08b-3c3b-459a-af7e-ae0330f38eb3,PCP - FVC,Autorita' Nazionale Anticorruzione - A.N.AC.,7718176.0
0,Totale,0,Totale,2d97cffc-27cb-4705-a21d-9e1084aec9e3,INAD CONSULTAZIONE DD,Agenzia per L'Italia Digitale,22126914.0
1,Altre Pubbliche Amministrazioni locali,12,Pubbliche Amministrazioni Centrali,2bcc543c-512b-4490-aade-aafa0b2458bd,SMP-IPA-REST,Intercent-er Agenzia Regionale per Lo Sviluppo Dei Mercati Telematici,25383.0
1,Altre Pubbliche Amministrazioni locali,12,Pubbliche Amministrazioni Centrali,2c31cb18-f9a6-438f-82ce-60197db75541,Servizio di collegamento imprese/PDND - Callback documenti,"Unione Italiana delle Camere di Commercio Industria, Artigianato e Agricoltura",61.0
1,Altre Pubbliche Amministrazioni locali,12,Pubbliche Amministrazioni Centrali,e37dde23-93f2-4c8f-89a2-472cd0d4f380,ACCREDITAMENTO SUAP ED ENTI-TERZI - SUITE DI BLACK-BOX-TEST,"Unione Italiana delle Camere di Commercio Industria, Artigianato e Agricoltura",14942.0
1,Altre Pubbliche Amministrazioni locali,12,Pubbliche Amministrazioni Centrali,bef159db-4f9f-4956-ad42-42e110c77f7b,Ricezione CO,Agenzia Regionale per Le Politiche Attive del Lavoro - Arpal Umbria,2875.0
1,Altre Pubbliche Amministrazioni locali,12,Pubbliche Amministrazioni Centrali,4f8fecec-8bfc-4c23-80a3-c67814c853a8,Identity Matching - Attestazione rappresentanza legale,"Unione Italiana delle Camere di Commercio Industria, Artigianato e Agricoltura",1.0
1,Altre Pubbliche Amministrazioni locali,12,Pubbliche Amministrazioni Centrali,2abffc64-7511-40c9-991d-86f282137726,Servizi consultazione Registro Imprese,"Unione Italiana delle Camere di Commercio Industria, Artigianato e Agricoltura",759780.0
1,Altre Pubbliche Amministrazioni locali,6,Altre Pubbliche Amministrazioni Centrali,2abffc64-7511-40c9-991d-86f282137726,Servizi consultazione Registro Imprese,"Unione Italiana delle Camere di Commercio Industria, Artigianato e Agricoltura",116.0
1,Altre Pubbliche Amministrazioni locali,1,Altre Pubbliche Amministrazioni locali,df6de05b-f7aa-441b-9deb-39011c23fbfc,CATALOGO - INFO ATTIVAZIONE SPORTELLO,"Unione Italiana delle Camere di Commercio Industria, Artigianato e Agricoltura",3.0
1,Altre Pubbliche Amministrazioni locali,1,Altre Pubbliche Amministrazioni locali,e37dde23-93f2-4c8f-89a2-472cd0d4f380,ACCREDITAMENTO SUAP ED ENTI-TERZI - SUITE DI BLACK-BOX-TEST,"Unione Italiana delle Camere di Commercio Industria, Artigianato e Agricoltura",808.0
1,Altre Pubbliche Amministrazioni locali,1,Altre Pubbliche Amministrazioni locali,7a850b8b-4307-491f-9534-771e212d4c45,CATALOGO - METADATI,"Unione Italiana delle Camere di Commercio Industria, Artigianato e Agricoltura",3.0
1,Altre Pubbliche Amministrazioni locali,1,Altre Pubbliche Amministrazioni locali,f9aefef6-c453-4205-95b8-cbe5533dc892,SGDBI,Itaca- Istituto per L'Innovazione e Trasparenza Degli Appalti e La Compatibilita Ambientale,694.0
1,Altre Pubbliche Amministrazioni locali,1,Altre Pubbliche Amministrazioni locali,a46c67bc-f873-40bf-82bb-04376727c024,Interoperabilità Portale NaturaItalia semplificazione amm.va,Consorzio di Gestione Amp Torre del Cerrano,18.0
1,Altre Pubbliche Amministrazioni locali,1,Altre Pubbliche Amministrazioni locali,6fba1cbe-56ea-435c-ac57-1a9e86e380fe,Dati idro-metereologici ARPAS,Agenzia Regionale per la Protezione dell'Ambiente della Sardegna,4.0
1,Altre Pubbliche Amministrazioni locali,1,Altre Pubbliche Amministrazioni locali,2abffc64-7511-40c9-991d-86f282137726,Servizi consultazione Registro Imprese,"Unione Italiana delle Camere di Commercio Industria, Artigianato e Agricoltura",22708.0
1,Altre Pubbliche Amministrazioni locali,1,Altre Pubbliche Amministrazioni locali,0116d2da-3361-479d-9a93-bb2137c5cc0a,Servizio di collegamento imprese/PDND - Richiesta documenti,"Unione Italiana delle Camere di Commercio Industria, Artigianato e Agricoltura",135.0
1,Altre Pubbliche Amministrazioni locali,2,Aziende sanitarie locali e Strutture di ricovero,2abffc64-7511-40c9-991d-86f282137726,Servizi consultazione Registro Imprese,"Unione Italiana delle Camere di Commercio Industria, Artigianato e Agricoltura",216.0
1,Altre Pubbliche Amministrazioni locali,3,Comuni,e37dde23-93f2-4c8f-89a2-472cd0d4f380,ACCREDITAMENTO SUAP ED ENTI-TERZI - SUITE DI BLACK-BOX-TEST,"Unione Italiana delle Camere di Commercio Industria, Artigianato e Agricoltura",5956.0
1,Altre Pubbliche Amministrazioni locali,3,Comuni,7a850b8b-4307-491f-9534-771e212d4c45,CATALOGO - METADATI,"Unione Italiana delle Camere di Commercio Industria, Artigianato e Agricoltura",97.0
1,Altre Pubbliche Amministrazioni locali,3,Comuni,2abffc64-7511-40c9-991d-86f282137726,Servizi consultazione Registro Imprese,"Unione Italiana delle Camere di Commercio Industria, Artigianato e Agricoltura",1153556.0
1,Altre Pubbliche Amministrazioni locali,5,Province e Città Metropolitane,e37dde23-93f2-4c8f-89a2-472cd0d4f380,ACCREDITAMENTO SUAP ED ENTI-TERZI - SUITE DI BLACK-BOX-TEST,"Unione Italiana delle Camere di Commercio Industria, Artigianato e Agricoltura",54.0
1,Altre Pubbliche Amministrazioni locali,5,Province e Città Metropolitane,7a850b8b-4307-491f-9534-771e212d4c45,CATALOGO - METADATI,"Unione Italiana delle Camere di Commercio Industria, Artigianato e Agricoltura",137.0
1,Altre Pubbliche Amministrazioni locali,5,Province e Città Metropolitane,2abffc64-7511-40c9-991d-86f282137726,Servizi consultazione Registro Imprese,"Unione Italiana delle Camere di Commercio Industria, Artigianato e Agricoltura",188.0
1,Altre Pubbliche Amministrazioni locali,5,Province e Città Metropolitane,1bcf7afa-dcc6-4674-8f2c-978da051d065,CATALOGO - GESTIONE ISTANZA - ENTI TERZI,"Unione Italiana delle Camere di Commercio Industria, Artigianato e Agricoltura",29.0
1,Altre Pubbliche Amministrazioni locali,7,Regioni e Province Autonome,e37dde23-93f2-4c8f-89a2-472cd0d4f380,ACCREDITAMENTO SUAP ED ENTI-TERZI - SUITE DI BLACK-BOX-TEST,"Unione Italiana delle Camere di Commercio Industria, Artigianato e Agricoltura",296.0
1,Altre Pubbliche Amministrazioni locali,7,Regioni e Province Autonome,2abffc64-7511-40c9-991d-86f282137726,Servizi consultazione Registro Imprese,"Unione Italiana delle Camere di Commercio Industria, Artigianato e Agricoltura",428.0
1,Altre Pubbliche Amministrazioni locali,9,Stazioni Appaltanti e Gestori di pubblici servizi,e37dde23-93f2-4c8f-89a2-472cd0d4f380,ACCREDITAMENTO SUAP ED ENTI-TERZI - SUITE DI BLACK-BOX-TEST,"Unione Italiana delle Camere di Commercio Industria, Artigianato e Agricoltura",32.0
1,Altre Pubbliche Amministrazioni locali,9,Stazioni Appaltanti e Gestori di pubblici servizi,2abffc64-7511-40c9-991d-86f282137726,Servizi consultazione Registro Imprese,"Unione Italiana delle Camere di Commercio Industria, Artigianato e Agricoltura",30936.0
1,Altre Pubbliche Amministrazioni locali,10,Università e AFAM,,,,
1,Altre Pubbliche Amministrazioni locali,4,Enti Nazionali di Previdenza ed Assistenza Sociale,2c31cb18-f9a6-438f-82ce-60197db75541,Servizio di collegamento imprese/PDND - Callback documenti,"Unione Italiana delle Camere di Commercio Industria, Artigianato e Agricoltura",169.0
1,Altre Pubbliche Amministrazioni locali,4,Enti Nazionali di Previdenza ed Assistenza Sociale,0d0724d2-84f4-40af-8b47-1651ac9b651e,Welfare as a Service per AIPES - (WaaS per i Comuni),A.I.P.E.S. Associazione Intercomunale per Esercizio Sociale - Consorzio per I Servizi alla Persona,8.0
1,Altre Pubbliche Amministrazioni locali,4,Enti Nazionali di Previdenza ed Assistenza Sociale,5ea042e5-2e4b-4472-8820-1025dd011cc1,Welfare as a Service per i Comuni - (WaaS per i Comuni),Consorzio Intercomunale Dei Servizi Ed Interventi Sociali Valle del Tevere,46.0
1,Altre Pubbliche Amministrazioni locali,4,Enti Nazionali di Previdenza ed Assistenza Sociale,688ffdb5-8296-48b8-ae61-f9cf1621da2d,Welfare as a Service per i Comuni - (WaaS per i Comuni),Azienda Speciale per I Servizi Sociali del Comune di Montesilvano,45.0
1,Altre Pubbliche Amministrazioni locali,4,Enti Nazionali di Previdenza ed Assistenza Sociale,2abffc64-7511-40c9-991d-86f282137726,Servizi consultazione Registro Imprese,"Unione Italiana delle Camere di Commercio Industria, Artigianato e Agricoltura",2490.0
1,Altre Pubbliche Amministrazioni locali,4,Enti Nazionali di Previdenza ed Assistenza Sociale,1ae63434-51bb-4a0a-9743-84d3b27350c6,Welfare as a Service per i Comuni - (WaaS per i Comuni),Unione Dei Comuni Delle Terre del Sole,32.0
1,Altre Pubbliche Amministrazioni locali,11,Enti privati,e37dde23-93f2-4c8f-89a2-472cd0d4f380,ACCREDITAMENTO SUAP ED ENTI-TERZI - SUITE DI BLACK-BOX-TEST,"Unione Italiana delle Camere di Commercio Industria, Artigianato e Agricoltura",68.0
1,Altre Pubbliche Amministrazioni locali,8,Scuole,,,,
1,Altre Pubbliche Amministrazioni locali,0,Totale,2bcc543c-512b-4490-aade-aafa0b2458bd,SMP-IPA-REST,Intercent-er Agenzia Regionale per Lo Sviluppo Dei Mercati Telematici,25383.0
1,Altre Pubbliche Amministrazioni locali,0,Totale,2c31cb18-f9a6-438f-82ce-60197db75541,Servizio di collegamento imprese/PDND - Callback documenti,"Unione Italiana delle Camere di Commercio Industria, Artigianato e Agricoltura",230.0
1,Altre Pubbliche Amministrazioni locali,0,Totale,e37dde23-93f2-4c8f-89a2-472cd0d4f380,ACCREDITAMENTO SUAP ED ENTI-TERZI - SUITE DI BLACK-BOX-TEST,"Unione Italiana delle Camere di Commercio Industria, Artigianato e Agricoltura",22156.0
1,Altre Pubbliche Amministrazioni locali,0,Totale,7a850b8b-4307-491f-9534-771e212d4c45,CATALOGO - METADATI,"Unione Italiana delle Camere di Commercio Industria, Artigianato e Agricoltura",237.0
1,Altre Pubbliche Amministrazioni locali,0,Totale,bef159db-4f9f-4956-ad42-42e110c77f7b,Ricezione CO,Agenzia Regionale per Le Politiche Attive del Lavoro - Arpal Umbria,2875.0
1,Altre Pubbliche Amministrazioni locali,0,Totale,f9aefef6-c453-4205-95b8-cbe5533dc892,SGDBI,Itaca- Istituto per L'Innovazione e Trasparenza Degli Appalti e La Compatibilita Ambientale,694.0
1,Altre Pubbliche Amministrazioni locali,0,Totale,5ea042e5-2e4b-4472-8820-1025dd011cc1,Welfare as a Service per i Comuni - (WaaS per i Comuni),Consorzio Intercomunale Dei Servizi Ed Interventi Sociali Valle del Tevere,46.0
1,Altre Pubbliche Amministrazioni locali,0,Totale,688ffdb5-8296-48b8-ae61-f9cf1621da2d,Welfare as a Service per i Comuni - (WaaS per i Comuni),Azienda Speciale per I Servizi Sociali del Comune di Montesilvano,45.0
1,Altre Pubbliche Amministrazioni locali,0,Totale,2abffc64-7511-40c9-991d-86f282137726,Servizi consultazione Registro Imprese,"Unione Italiana delle Camere di Commercio Industria, Artigianato e Agricoltura",1970418.0
1,Altre Pubbliche Amministrazioni locali,0,Totale,0116d2da-3361-479d-9a93-bb2137c5cc0a,Servizio di collegamento imprese/PDND - Richiesta documenti,"Unione Italiana delle Camere di Commercio Industria, Artigianato e Agricoltura",135.0
2,Aziende sanitarie locali e Strutture di ricovero,12,Pubbliche Amministrazioni Centrali,,,,
2,Aziende sanitarie locali e Strutture di ricovero,6,Altre Pubbliche Amministrazioni Centrali,,,,
2,Aziende sanitarie locali e Strutture di ricovero,1,Altre Pubbliche Amministrazioni locali,,,,
2,Aziende sanitarie locali e Strutture di ricovero,2,Aziende sanitarie locali e Strutture di ricovero,b79105cc-9f11-4c89-8f50-f7e5b4db68c8,Elenco prestazioni disponibili,Azienda Sanitaria di Potenza ASP,33.0
2,Aziende sanitarie locali e Strutture di ricovero,2,Aziende sanitarie locali e Strutture di ricovero,0911615a-123a-454e-8225-3c0e969ee994,Elenco prestazioni disponibili,Azienda Sanitaria Locale di Matera,15.0
2,Aziende sanitarie locali e Strutture di ricovero,2,Aziende sanitarie locali e Strutture di ricovero,b3adf22d-3088-472b-b10c-e605fa83d9af,Situazione posti letto,IRCCS CROB,77.0
2,Aziende sanitarie locali e Strutture di ricovero,2,Aziende sanitarie locali e Strutture di ricovero,b3a9b95e-f768-4763-a3b2-812a1fa08629,Situazione posti letto,Azienda Ospedaliera San Carlo di Potenza,39.0
2,Aziende sanitarie locali e Strutture di ricovero,2,Aziende sanitarie locali e Strutture di ricovero,91773228-6d50-456c-b469-fa5a6b8acd49,Recupero Contatti PUA di un Assistito,AZIENDA SANITARIA TERRITORIALE DI ANCONA,28.0
2,Aziende sanitarie locali e Strutture di ricovero,2,Aziende sanitarie locali e Strutture di ricovero,47ad54b6-b78e-4a66-8997-da7339c70d93,Situazione posti letto,Azienda Sanitaria Locale di Matera,22.0
2,Aziende sanitarie locali e Strutture di ricovero,2,Aziende sanitarie locali e Strutture di ricovero,3cd0406c-1e85-44d1-afae-1a3a4f23a5c3,Recupero Caregiver COT per Assistito,AZIENDA SANITARIA TERRITORIALE DI ANCONA,47.0
2,Aziende sanitarie locali e Strutture di ricovero,2,Aziende sanitarie locali e Strutture di ricovero,00d4067a-5817-49b3-878e-51170b35796e,Elenco prestazioni disponibili,Azienda Ospedaliera San Carlo di Potenza,36.0
2,Aziende sanitarie locali e Strutture di ricovero,2,Aziende sanitarie locali e Strutture di ricovero,75dfe35c-af5c-4a77-aa18-fb08745b75c3,Elenco prestazioni disponibili,IRCCS CROB,72.0
2,Aziende sanitarie locali e Strutture di ricovero,2,Aziende sanitarie locali e Strutture di ricovero,34aa9807-f98c-420b-92cb-80d43dee7cfc,Situazione posti letto,Azienda Sanitaria di Potenza ASP,43.0
2,Aziende sanitarie locali e Strutture di ricovero,3,Comuni,,,,
2,Aziende sanitarie locali e Strutture di ricovero,5,Province e Città Metropolitane,,,,
2,Aziende sanitarie locali e Strutture di ricovero,7,Regioni e Province Autonome,,,,
2,Aziende sanitarie locali e Strutture di ricovero,9,Stazioni Appaltanti e Gestori di pubblici servizi,,,,
2,Aziende sanitarie locali e Strutture di ricovero,10,Università e AFAM,,,,
2,Aziende sanitarie locali e Strutture di ricovero,4,Enti Nazionali di Previdenza ed Assistenza Sociale,,,,
2,Aziende sanitarie locali e Strutture di ricovero,11,Enti privati,6a53a42e-3c02-4f7e-9cad-239f491db5f5,Stato di affollamento del PS,Azienda Ospedaliera Santobono Pausilipon,16.0
2,Aziende sanitarie locali e Strutture di ricovero,8,Scuole,,,,
2,Aziende sanitarie locali e Strutture di ricovero,0,Totale,b79105cc-9f11-4c89-8f50-f7e5b4db68c8,Elenco prestazioni disponibili,Azienda Sanitaria di Potenza ASP,33.0
2,Aziende sanitarie locali e Strutture di ricovero,0,Totale,b3adf22d-3088-472b-b10c-e605fa83d9af,Situazione posti letto,IRCCS CROB,77.0
2,Aziende sanitarie locali e Strutture di ricovero,0,Totale,b3a9b95e-f768-4763-a3b2-812a1fa08629,Situazione posti letto,Azienda Ospedaliera San Carlo di Potenza,39.0
2,Aziende sanitarie locali e Strutture di ricovero,0,Totale,91773228-6d50-456c-b469-fa5a6b8acd49,Recupero Contatti PUA di un Assistito,AZIENDA SANITARIA TERRITORIALE DI ANCONA,28.0
2,Aziende sanitarie locali e Strutture di ricovero,0,Totale,47ad54b6-b78e-4a66-8997-da7339c70d93,Situazione posti letto,Azienda Sanitaria Locale di Matera,22.0
2,Aziende sanitarie locali e Strutture di ricovero,0,Totale,3cd0406c-1e85-44d1-afae-1a3a4f23a5c3,Recupero Caregiver COT per Assistito,AZIENDA SANITARIA TERRITORIALE DI ANCONA,47.0
2,Aziende sanitarie locali e Strutture di ricovero,0,Totale,00d4067a-5817-49b3-878e-51170b35796e,Elenco prestazioni disponibili,Azienda Ospedaliera San Carlo di Potenza,36.0
2,Aziende sanitarie locali e Strutture di ricovero,0,Totale,75dfe35c-af5c-4a77-aa18-fb08745b75c3,Elenco prestazioni disponibili,IRCCS CROB,72.0
2,Aziende sanitarie locali e Strutture di ricovero,0,Totale,6a53a42e-3c02-4f7e-9cad-239f491db5f5,Stato di affollamento del PS,Azienda Ospedaliera Santobono Pausilipon,16.0
2,Aziende sanitarie locali e Strutture di ricovero,0,Totale,34aa9807-f98c-420b-92cb-80d43dee7cfc,Situazione posti letto,Azienda Sanitaria di Potenza ASP,43.0
3,Comuni,12,Pubbliche Amministrazioni Centrali,,,,
3,Comuni,6,Altre Pubbliche Amministrazioni Centrali,,,,
3,Comuni,1,Altre Pubbliche Amministrazioni locali,,,,
3,Comuni,2,Aziende sanitarie locali e Strutture di ricovero,,,,
3,Comuni,3,Comuni,859dd827-6b5d-4389-8274-0201ef047f5b,Registrazione e consultazione protocollo,Comune di Nichelino,1998.0
3,Comuni,3,Comuni,95b7fa5f-3bcb-49f2-833f-5762a8a55222,Consultazione Civici,Comune di Prato,1616.0
3,Comuni,3,Comuni,035f2603-2a1c-430a-a43c-16489c4c2da8,Dati storici del cittadino,Comune di Pedaso,185.0
3,Comuni,3,Comuni,47ed854c-5448-4f9c-8db0-af0a97c72cec,Punti di interesse,Comune di Bonarcado,36.0
3,Comuni,3,Comuni,a8940f05-d4e4-42a8-bf3d-51be74db7f00,PROT - Protocollo Informatico,Comune di Bergeggi,219.0
3,Comuni,3,Comuni,3988e686-9e2b-459f-ad03-8488625f4947,Consultazione Eventi Comune di Benevento,Comune di Benevento,13479.0
3,Comuni,3,Comuni,e7967fed-f066-4164-9092-ee0cd44c836f,Consultazione Anagrafe Comunale degli Immobili,Comune di Prato,2138.0
3,Comuni,3,Comuni,88fade21-7188-47d2-8fb1-a6e5bfba1e40,Lista pratiche SUAP del comune di Porto Sant'Elpidio,Comune di Porto Sant'Elpidio,36.0
3,Comuni,3,Comuni,ee7986cb-91e3-4ef8-a912-42d052abe813,Consultazione Edifici,Comune di Prato,1937.0
3,Comuni,3,Comuni,71ebde6c-092f-4d8a-bed6-e63ef411a025,Registrazione e consultazione protocollo,Comune di Cavallermaggiore,266.0
3,Comuni,5,Province e Città Metropolitane,,,,
3,Comuni,7,Regioni e Province Autonome,1f6f11ca-5b45-4d0f-9a9e-36a55be1626f,dati-mercatali-comune-torino,Comune di Torino,44.0
3,Comuni,9,Stazioni Appaltanti e Gestori di pubblici servizi,7d877adf-229b-4794-9947-c1ea5f33836d,Scheda anagrafica,Comune di Brescia,1820.0
3,Comuni,9,Stazioni Appaltanti e Gestori di pubblici servizi,a490c39f-6984-41b8-a021-73d50c2b1c2b,Dati storici del cittadino,Comune di Montebelluna,41.0
3,Comuni,10,Università e AFAM,,,,
3,Comuni,4,Enti Nazionali di Previdenza ed Assistenza Sociale,1972e566-9d2d-4fae-8c39-1bc9009fa0b3,WAAS SIUSS Alimentazione,Comune di Occhiobello,47.0
3,Comuni,4,Enti Nazionali di Previdenza ed Assistenza Sociale,dcb22fe8-c757-4e15-8612-b82bc2e15295,Welfare as a Service per i Comuni - (WaaS per i Comuni),Comune di Montemurlo,67.0
3,Comuni,4,Enti Nazionali di Previdenza ed Assistenza Sociale,d6e2ca09-bce9-4028-9f2d-8bcdc1f5f98d,WAAS SIUSS Alimentazione,Comune di Rovigo,76.0
3,Comuni,4,Enti Nazionali di Previdenza ed Assistenza Sociale,216d8892-c7f9-4ebd-86e0-6893ef2e61db,WAAS SIUSS Alimentazione,Comune di Trissino,50.0
3,Comuni,4,Enti Nazionali di Previdenza ed Assistenza Sociale,dc24d77e-ded6-4b04-8241-ebf9532c26dd,WAAS SIUSS Alimentazione,Comune di San Vito Al Tagliamento,63.0
3,Comuni,4,Enti Nazionali di Previdenza ed Assistenza Sociale,48ca64bc-220f-4c54-b43d-ce1688e571fa,WAAS SIUSS Alimentazione,Comune di Rimini,66.0
3,Comuni,4,Enti Nazionali di Previdenza ed Assistenza Sociale,023e8d58-abe3-4d94-9054-03fe06974c91,WAAS-SIUSS-Alimentazione,Comune di Pavia,56.0
3,Comuni,4,Enti Nazionali di Previdenza ed Assistenza Sociale,a85666d7-7be8-4b5f-bed2-8852b97037ba,WAAS-SIUSS-Alimentazione,Comune di Zola Predosa,60.0
3,Comuni,4,Enti Nazionali di Previdenza ed Assistenza Sociale,5ea0a7b2-016e-475b-bfc8-06950685aa41,Welfare as a Service-SIUSS-Alimentazione,Comune di Bassano del Grappa,73.0
3,Comuni,4,Enti Nazionali di Previdenza ed Assistenza Sociale,73bdbdf0-7dd1-4849-91ae-8a9c9ac13f5c,Welfare as a Service per i Comuni - (WaaS per i Comuni),Comune di Montemarciano,56.0
3,Comuni,11,Enti privati,,,,
3,Comuni,8,Scuole,,,,
3,Comuni,0,Totale,7d877adf-229b-4794-9947-c1ea5f33836d,Scheda anagrafica,Comune di Brescia,1823.0
3,Comuni,0,Totale,859dd827-6b5d-4389-8274-0201ef047f5b,Registrazione e consultazione protocollo,Comune di Nichelino,1998.0
3,Comuni,0,Totale,95b7fa5f-3bcb-49f2-833f-5762a8a55222,Consultazione Civici,Comune di Prato,1616.0
3,Comuni,0,Totale,035f2603-2a1c-430a-a43c-16489c4c2da8,Dati storici del cittadino,Comune di Pedaso,185.0
3,Comuni,0,Totale,a8940f05-d4e4-42a8-bf3d-51be74db7f00,PROT - Protocollo Informatico,Comune di Bergeggi,219.0
3,Comuni,0,Totale,d6e2ca09-bce9-4028-9f2d-8bcdc1f5f98d,WAAS SIUSS Alimentazione,Comune di Rovigo,76.0
3,Comuni,0,Totale,3988e686-9e2b-459f-ad03-8488625f4947,Consultazione Eventi Comune di Benevento,Comune di Benevento,13479.0
3,Comuni,0,Totale,e7967fed-f066-4164-9092-ee0cd44c836f,Consultazione Anagrafe Comunale degli Immobili,Comune di Prato,2138.0
3,Comuni,0,Totale,ee7986cb-91e3-4ef8-a912-42d052abe813,Consultazione Edifici,Comune di Prato,1937.0
3,Comuni,0,Totale,71ebde6c-092f-4d8a-bed6-e63ef411a025,Registrazione e consultazione protocollo,Comune di Cavallermaggiore,266.0
4,Enti Nazionali di Previdenza ed Assistenza Sociale,12,Pubbliche Amministrazioni Centrali,9c59acc2-ab22-4958-87da-0c395332d452,CP-DettaglioPensioni,Istituto Nazionale Previdenza Sociale - INPS,16.0
4,Enti Nazionali di Previdenza ed Assistenza Sociale,12,Pubbliche Amministrazioni Centrali,16444299-2354-44c9-b587-bcb29ee29a0f,pdnd.mlps.tassi,Istituto Nazionale per l'Assicurazione contro gli Infortuni sul Lavoro - INAIL,1444.0
4,Enti Nazionali di Previdenza ed Assistenza Sociale,12,Pubbliche Amministrazioni Centrali,34043187-434c-4bf9-94d7-49015fdea438,Certificazioni di diritto a pensione per MIM,Istituto Nazionale Previdenza Sociale - INPS,30.0
4,Enti Nazionali di Previdenza ed Assistenza Sociale,12,Pubbliche Amministrazioni Centrali,fc0160de-6db7-414b-805d-e3670394c107,Comunicazioni Obbligatorie,Istituto Nazionale Previdenza Sociale - INPS,62834.0
4,Enti Nazionali di Previdenza ed Assistenza Sociale,12,Pubbliche Amministrazioni Centrali,fb37d2fd-cab5-450a-8786-856bb767b5c7,Verifica Percettori FIS,Istituto Nazionale Previdenza Sociale - INPS,380.0
4,Enti Nazionali di Previdenza ed Assistenza Sociale,12,Pubbliche Amministrazioni Centrali,19efdb32-dd4e-493e-8982-3d28f2e8be64,Consultazione DURC,Istituto Nazionale Previdenza Sociale - INPS,22980.0
4,Enti Nazionali di Previdenza ed Assistenza Sociale,12,Pubbliche Amministrazioni Centrali,f3e0578e-7ecb-4fa8-ac10-80e720132db7,DatiPersonaleAziende,Istituto Nazionale Previdenza Sociale - INPS,1396.0
4,Enti Nazionali di Previdenza ed Assistenza Sociale,12,Pubbliche Amministrazioni Centrali,27d0b921-bd8b-4c17-b5dd-761a6fff7cb8,comobb,Istituto Nazionale per l'Assicurazione contro gli Infortuni sul Lavoro - INAIL,91567.0
4,Enti Nazionali di Previdenza ed Assistenza Sociale,12,Pubbliche Amministrazioni Centrali,0ec6ca99-a816-4376-a1ba-91b7c3c9709d,CP-InfoPensioni,Istituto Nazionale Previdenza Sociale - INPS,12.0
4,Enti Nazionali di Previdenza ed Assistenza Sociale,6,Altre Pubbliche Amministrazioni Centrali,,,,
4,Enti Nazionali di Previdenza ed Assistenza Sociale,1,Altre Pubbliche Amministrazioni locali,40bbf657-2c31-45cd-8090-d8e9fe6cbea0,Consultazione Pensione Non Udenti - WaaS,Istituto Nazionale Previdenza Sociale - INPS,5.0
4,Enti Nazionali di Previdenza ed Assistenza Sociale,1,Altre Pubbliche Amministrazioni locali,843ac013-941a-4afe-8243-e668142e73e6,Consultazione Attestazione ISEE,Istituto Nazionale Previdenza Sociale - INPS,18143.0
4,Enti Nazionali di Previdenza ed Assistenza Sociale,1,Altre Pubbliche Amministrazioni locali,07903d52-5949-469d-add0-fb05f4d79a03,Consultazione Indennita Accompagnamento - WaaS,Istituto Nazionale Previdenza Sociale - INPS,5.0
4,Enti Nazionali di Previdenza ed Assistenza Sociale,1,Altre Pubbliche Amministrazioni locali,e85c57f7-5d94-45ad-b88b-9e81dc837a62,Richiesta Certificato del Debito,Istituto Nazionale per l'Assicurazione contro gli Infortuni sul Lavoro - INAIL,28.0
4,Enti Nazionali di Previdenza ed Assistenza Sociale,1,Altre Pubbliche Amministrazioni locali,57a19e64-31b4-478b-b667-2a8db4cdd241,Consultazione Pensione Non Vedenti - WaaS,Istituto Nazionale Previdenza Sociale - INPS,5.0
4,Enti Nazionali di Previdenza ed Assistenza Sociale,1,Altre Pubbliche Amministrazioni locali,8ffc6245-0ab1-4e2e-8423-6e1a855c320a,Consultazione Indicatore ISEE,Istituto Nazionale Previdenza Sociale - INPS,9.0
4,Enti Nazionali di Previdenza ed Assistenza Sociale,1,Altre Pubbliche Amministrazioni locali,a1c93edf-b440-462e-99be-7679df6a267d,Consultazione Indennita Frequenza - WaaS,Istituto Nazionale Previdenza Sociale - INPS,5.0
4,Enti Nazionali di Previdenza ed Assistenza Sociale,1,Altre Pubbliche Amministrazioni locali,9a9c9296-bc56-4f55-a5c7-5c3d6275b1f1,Richieste CDC,Istituto Nazionale Previdenza Sociale - INPS,32.0
4,Enti Nazionali di Previdenza ed Assistenza Sociale,1,Altre Pubbliche Amministrazioni locali,198ac93e-9b84-4f88-a663-b343025cebfe,Consultazione Attestazione ISEE Operatori,Istituto Nazionale Previdenza Sociale - INPS,447.0
4,Enti Nazionali di Previdenza ed Assistenza Sociale,1,Altre Pubbliche Amministrazioni locali,b0eb009f-5eb9-4884-9549-33b9585d2efe,Consultazione Ex Pensione Invalidita Civ. - WaaS,Istituto Nazionale Previdenza Sociale - INPS,5.0
4,Enti Nazionali di Previdenza ed Assistenza Sociale,2,Aziende sanitarie locali e Strutture di ricovero,022b7e79-6a24-4b7f-84cb-2dbf555d6eeb,Consultazione Aggregati Isee - WaaS,Istituto Nazionale Previdenza Sociale - INPS,1.0
4,Enti Nazionali di Previdenza ed Assistenza Sociale,2,Aziende sanitarie locali e Strutture di ricovero,8ffc6245-0ab1-4e2e-8423-6e1a855c320a,Consultazione Indicatore ISEE,Istituto Nazionale Previdenza Sociale - INPS,3.0
4,Enti Nazionali di Previdenza ed Assistenza Sociale,3,Comuni,40bbf657-2c31-45cd-8090-d8e9fe6cbea0,Consultazione Pensione Non Udenti - WaaS,Istituto Nazionale Previdenza Sociale - INPS,699.0
4,Enti Nazionali di Previdenza ed Assistenza Sociale,3,Comuni,19efdb32-dd4e-493e-8982-3d28f2e8be64,Consultazione DURC,Istituto Nazionale Previdenza Sociale - INPS,567.0
4,Enti Nazionali di Previdenza ed Assistenza Sociale,3,Comuni,843ac013-941a-4afe-8243-e668142e73e6,Consultazione Attestazione ISEE,Istituto Nazionale Previdenza Sociale - INPS,360351.0
4,Enti Nazionali di Previdenza ed Assistenza Sociale,3,Comuni,07903d52-5949-469d-add0-fb05f4d79a03,Consultazione Indennita Accompagnamento - WaaS,Istituto Nazionale Previdenza Sociale - INPS,3137.0
4,Enti Nazionali di Previdenza ed Assistenza Sociale,3,Comuni,b78673b5-125e-4d74-b496-4c7d0911f0b2,Consultazione Indicatore Nucleo Riscontro ISEE,Istituto Nazionale Previdenza Sociale - INPS,1916.0
4,Enti Nazionali di Previdenza ed Assistenza Sociale,3,Comuni,57a19e64-31b4-478b-b667-2a8db4cdd241,Consultazione Pensione Non Vedenti - WaaS,Istituto Nazionale Previdenza Sociale - INPS,709.0
4,Enti Nazionali di Previdenza ed Assistenza Sociale,3,Comuni,8ffc6245-0ab1-4e2e-8423-6e1a855c320a,Consultazione Indicatore ISEE,Istituto Nazionale Previdenza Sociale - INPS,3054.0
4,Enti Nazionali di Previdenza ed Assistenza Sociale,3,Comuni,a1c93edf-b440-462e-99be-7679df6a267d,Consultazione Indennita Frequenza - WaaS,Istituto Nazionale Previdenza Sociale - INPS,757.0
4,Enti Nazionali di Previdenza ed Assistenza Sociale,3,Comuni,2303d392-6b30-462b-a9e6-6fe99498cc53,Consultazione Attestazione Residenti ISEE,Istituto Nazionale Previdenza Sociale - INPS,40454.0
4,Enti Nazionali di Previdenza ed Assistenza Sociale,3,Comuni,9d9fc812-0410-4ceb-a062-a987e3eb79fa,Consultazione Indicatore Residenti ISEE,Istituto Nazionale Previdenza Sociale - INPS,56771.0
4,Enti Nazionali di Previdenza ed Assistenza Sociale,5,Province e Città Metropolitane,978e5066-7159-42a1-b057-ec7e47525f8b,Consultazione Pensioni - WaaS,Istituto Nazionale Previdenza Sociale - INPS,520.0
4,Enti Nazionali di Previdenza ed Assistenza Sociale,7,Regioni e Province Autonome,19efdb32-dd4e-493e-8982-3d28f2e8be64,Consultazione DURC,Istituto Nazionale Previdenza Sociale - INPS,129.0
4,Enti Nazionali di Previdenza ed Assistenza Sociale,7,Regioni e Province Autonome,843ac013-941a-4afe-8243-e668142e73e6,Consultazione Attestazione ISEE,Istituto Nazionale Previdenza Sociale - INPS,522885.0
4,Enti Nazionali di Previdenza ed Assistenza Sociale,7,Regioni e Province Autonome,8ffc6245-0ab1-4e2e-8423-6e1a855c320a,Consultazione Indicatore ISEE,Istituto Nazionale Previdenza Sociale - INPS,41576.0
4,Enti Nazionali di Previdenza ed Assistenza Sociale,9,Stazioni Appaltanti e Gestori di pubblici servizi,c8a660ab-7fe8-4f90-a88f-a91913f357d8,EDCperITWALLET,Istituto Nazionale Previdenza Sociale - INPS,97752.0
4,Enti Nazionali di Previdenza ed Assistenza Sociale,10,Università e AFAM,843ac013-941a-4afe-8243-e668142e73e6,Consultazione Attestazione ISEE,Istituto Nazionale Previdenza Sociale - INPS,62223.0
4,Enti Nazionali di Previdenza ed Assistenza Sociale,10,Università e AFAM,b78673b5-125e-4d74-b496-4c7d0911f0b2,Consultazione Indicatore Nucleo Riscontro ISEE,Istituto Nazionale Previdenza Sociale - INPS,179.0
4,Enti Nazionali di Previdenza ed Assistenza Sociale,10,Università e AFAM,8ffc6245-0ab1-4e2e-8423-6e1a855c320a,Consultazione Indicatore ISEE,Istituto Nazionale Previdenza Sociale - INPS,17508.0
4,Enti Nazionali di Previdenza ed Assistenza Sociale,4,Enti Nazionali di Previdenza ed Assistenza Sociale,,,,
4,Enti Nazionali di Previdenza ed Assistenza Sociale,11,Enti privati,9f162dde-4b95-487b-93ef-16c0367cfd83,Consultazione Aggregati Contributi Rette Asili Nido - WaaS,Istituto Nazionale Previdenza Sociale - INPS,1.0
4,Enti Nazionali di Previdenza ed Assistenza Sociale,8,Scuole,,,,
4,Enti Nazionali di Previdenza ed Assistenza Sociale,0,Totale,fc0160de-6db7-414b-805d-e3670394c107,Comunicazioni Obbligatorie,Istituto Nazionale Previdenza Sociale - INPS,62834.0
4,Enti Nazionali di Previdenza ed Assistenza Sociale,0,Totale,19efdb32-dd4e-493e-8982-3d28f2e8be64,Consultazione DURC,Istituto Nazionale Previdenza Sociale - INPS,23676.0
4,Enti Nazionali di Previdenza ed Assistenza Sociale,0,Totale,843ac013-941a-4afe-8243-e668142e73e6,Consultazione Attestazione ISEE,Istituto Nazionale Previdenza Sociale - INPS,963602.0
4,Enti Nazionali di Previdenza ed Assistenza Sociale,0,Totale,07903d52-5949-469d-add0-fb05f4d79a03,Consultazione Indennita Accompagnamento - WaaS,Istituto Nazionale Previdenza Sociale - INPS,3142.0
4,Enti Nazionali di Previdenza ed Assistenza Sociale,0,Totale,b78673b5-125e-4d74-b496-4c7d0911f0b2,Consultazione Indicatore Nucleo Riscontro ISEE,Istituto Nazionale Previdenza Sociale - INPS,2095.0
4,Enti Nazionali di Previdenza ed Assistenza Sociale,0,Totale,8ffc6245-0ab1-4e2e-8423-6e1a855c320a,Consultazione Indicatore ISEE,Istituto Nazionale Previdenza Sociale - INPS,62150.0
4,Enti Nazionali di Previdenza ed Assistenza Sociale,0,Totale,2303d392-6b30-462b-a9e6-6fe99498cc53,Consultazione Attestazione Residenti ISEE,Istituto Nazionale Previdenza Sociale - INPS,40454.0
4,Enti Nazionali di Previdenza ed Assistenza Sociale,0,Totale,c8a660ab-7fe8-4f90-a88f-a91913f357d8,EDCperITWALLET,Istituto Nazionale Previdenza Sociale - INPS,97752.0
4,Enti Nazionali di Previdenza ed Assistenza Sociale,0,Totale,27d0b921-bd8b-4c17-b5dd-761a6fff7cb8,comobb,Istituto Nazionale per l'Assicurazione contro gli Infortuni sul Lavoro - INAIL,91567.0
4,Enti Nazionali di Previdenza ed Assistenza Sociale,0,Totale,9d9fc812-0410-4ceb-a062-a987e3eb79fa,Consultazione Indicatore Residenti ISEE,Istituto Nazionale Previdenza Sociale - INPS,56771.0
5,Province e Città Metropolitane,12,Pubbliche Amministrazioni Centrali,,,,
5,Province e Città Metropolitane,6,Altre Pubbliche Amministrazioni Centrali,,,,
5,Province e Città Metropolitane,1,Altre Pubbliche Amministrazioni locali,,,,
5,Province e Città Metropolitane,2,Aziende sanitarie locali e Strutture di ricovero,,,,
5,Province e Città Metropolitane,3,Comuni,,,,
5,Province e Città Metropolitane,5,Province e Città Metropolitane,482f5188-aea5-41b4-8d40-467e1156e848,SUAP BACK OFFICE ENTI TERZI Autoscuole,Provincia di Arezzo,9.0
5,Province e Città Metropolitane,7,Regioni e Province Autonome,,,,
5,Province e Città Metropolitane,9,Stazioni Appaltanti e Gestori di pubblici servizi,,,,
5,Province e Città Metropolitane,10,Università e AFAM,,,,
5,Province e Città Metropolitane,4,Enti Nazionali di Previdenza ed Assistenza Sociale,,,,
5,Province e Città Metropolitane,11,Enti privati,,,,
5,Province e Città Metropolitane,8,Scuole,,,,
5,Province e Città Metropolitane,0,Totale,482f5188-aea5-41b4-8d40-467e1156e848,SUAP BACK OFFICE ENTI TERZI Autoscuole,Provincia di Arezzo,9.0
6,Altre Pubbliche Amministrazioni Centrali,12,Pubbliche Amministrazioni Centrali,ae084215-94e7-40b9-9728-8e57b315d1aa,Abilitazioni Servizi Lavoro MLPS,Ispettorato Nazionale del Lavoro,415.0
6,Altre Pubbliche Amministrazioni Centrali,12,Pubbliche Amministrazioni Centrali,9f35bb89-c5db-4e8e-9dc7-6782384fdc91,Lettura dati dal PNS,Ispettorato Nazionale del Lavoro,26968.0
6,Altre Pubbliche Amministrazioni Centrali,12,Pubbliche Amministrazioni Centrali,cd0ae962-cdc2-4ef6-9cc6-c31c6f95d39b,Pollini,Istituto Superiore per la Protezione e la Ricerca Ambientale,17.0
6,Altre Pubbliche Amministrazioni Centrali,12,Pubbliche Amministrazioni Centrali,326628e1-dd72-4b61-8dde-4f8f97108219,Rendis,Istituto Superiore per la Protezione e la Ricerca Ambientale,27.0
6,Altre Pubbliche Amministrazioni Centrali,12,Pubbliche Amministrazioni Centrali,94bf40e9-9d1a-4699-ac5d-073e30c40f36,Ottieni Documenti di Trasporto,Agenzia per le Erogazioni in Agricoltura - AGEA,75855.0
6,Altre Pubbliche Amministrazioni Centrali,12,Pubbliche Amministrazioni Centrali,722caa4b-1410-445b-b8ae-c9c79acaff34,CNF-CheckAvv,Consiglio Nazionale Forense,129160.0
6,Altre Pubbliche Amministrazioni Centrali,12,Pubbliche Amministrazioni Centrali,1738119b-9bd1-42ae-838b-2a8ad24932e9,Consultazione visura veicolo per targa - PRA (C001),Automobile Club d'Italia,211.0
6,Altre Pubbliche Amministrazioni Centrali,12,Pubbliche Amministrazioni Centrali,c1c95f20-6f93-41b5-8c3e-a29d27a03b90,Invio dati al PNS,Ispettorato Nazionale del Lavoro,27408.0
6,Altre Pubbliche Amministrazioni Centrali,6,Altre Pubbliche Amministrazioni Centrali,507575d6-3fec-415b-9a75-53a3b83c26e6,GESTIONE ANAGRAFICHE MEDICI,Federazione Nazionale degli Ordini dei Medici Chirurghi e degli Odontoiatri,705289.0
6,Altre Pubbliche Amministrazioni Centrali,6,Altre Pubbliche Amministrazioni Centrali,326628e1-dd72-4b61-8dde-4f8f97108219,Rendis,Istituto Superiore per la Protezione e la Ricerca Ambientale,92.0
6,Altre Pubbliche Amministrazioni Centrali,6,Altre Pubbliche Amministrazioni Centrali,fcb1a71e-0f41-4f7b-a860-7cd0d9de5e83,Creazione EAA Tesserino Federazioni Sanitarie - IT Wallet,FEDERAZIONE NAZIONALE ORDINI DELLA PROFESSIONE DI OSTETRICA,141.0
6,Altre Pubbliche Amministrazioni Centrali,6,Altre Pubbliche Amministrazioni Centrali,43faa6cd-503a-4eff-9434-0ba7031aea9c,Verifica status professionista,FEDERAZIONE NAZIONALE ORDINI DELLA PROFESSIONE DI OSTETRICA,74.0
6,Altre Pubbliche Amministrazioni Centrali,6,Altre Pubbliche Amministrazioni Centrali,6f5ca134-c8bd-4a4f-93b2-ebe7cba8ba69,GESTIONE ANAGRAFICHE ODONTOIATRI,Federazione Nazionale degli Ordini dei Medici Chirurghi e degli Odontoiatri,543817.0
6,Altre Pubbliche Amministrazioni Centrali,6,Altre Pubbliche Amministrazioni Centrali,8c092838-f0ec-4ed8-9af1-1f719dfb959e,Accertamento professionista,FEDERAZIONE NAZIONALE ORDINI DELLA PROFESSIONE DI OSTETRICA,87.0
6,Altre Pubbliche Amministrazioni Centrali,6,Altre Pubbliche Amministrazioni Centrali,2cdb3e83-cc2a-4464-96a8-42c968693e05,Invio EAA Tesserino - IT Wallet,Federazione Nazionale degli Ordini dei Medici Chirurghi e degli Odontoiatri,134972.0
6,Altre Pubbliche Amministrazioni Centrali,6,Altre Pubbliche Amministrazioni Centrali,f49df76e-2d3e-4727-b7d1-f6b30cbd0727,Ecosistemi terreni coltivati e pascoli,Istituto Superiore per la Protezione e la Ricerca Ambientale,84.0
6,Altre Pubbliche Amministrazioni Centrali,6,Altre Pubbliche Amministrazioni Centrali,c86a5d89-24e6-4fbf-a2d7-413977392d94,Accertamento status professionista,FEDERAZIONE NAZIONALE ORDINI DELLA PROFESSIONE DI OSTETRICA,75.0
6,Altre Pubbliche Amministrazioni Centrali,6,Altre Pubbliche Amministrazioni Centrali,94cd7d8d-eb18-428e-9934-4ad4c061e1e7,Accertamento status prof - Albo Naz. CNOP (FPROF-02),Consiglio Nazionale dell'Ordine degli Psicologi,78.0
6,Altre Pubbliche Amministrazioni Centrali,1,Altre Pubbliche Amministrazioni locali,,,,
6,Altre Pubbliche Amministrazioni Centrali,2,Aziende sanitarie locali e Strutture di ricovero,,,,
6,Altre Pubbliche Amministrazioni Centrali,3,Comuni,,,,
6,Altre Pubbliche Amministrazioni Centrali,5,Province e Città Metropolitane,,,,
6,Altre Pubbliche Amministrazioni Centrali,7,Regioni e Province Autonome,,,,
6,Altre Pubbliche Amministrazioni Centrali,9,Stazioni Appaltanti e Gestori di pubblici servizi,,,,
6,Altre Pubbliche Amministrazioni Centrali,10,Università e AFAM,,,,
6,Altre Pubbliche Amministrazioni Centrali,4,Enti Nazionali di Previdenza ed Assistenza Sociale,9f35bb89-c5db-4e8e-9dc7-6782384fdc91,Lettura dati dal PNS,Ispettorato Nazionale del Lavoro,2713.0
6,Altre Pubbliche Amministrazioni Centrali,4,Enti Nazionali di Previdenza ed Assistenza Sociale,fa6fb7f6-5544-4a3a-9c3b-9b29d68920ac,Ottieni Ultima Scheda di Validazione,Agenzia per le Erogazioni in Agricoltura - AGEA,36487.0
6,Altre Pubbliche Amministrazioni Centrali,4,Enti Nazionali di Previdenza ed Assistenza Sociale,c1c95f20-6f93-41b5-8c3e-a29d27a03b90,Invio dati al PNS,Ispettorato Nazionale del Lavoro,7880.0
6,Altre Pubbliche Amministrazioni Centrali,11,Enti privati,,,,
6,Altre Pubbliche Amministrazioni Centrali,8,Scuole,,,,
6,Altre Pubbliche Amministrazioni Centrali,0,Totale,507575d6-3fec-415b-9a75-53a3b83c26e6,GESTIONE ANAGRAFICHE MEDICI,Federazione Nazionale degli Ordini dei Medici Chirurghi e degli Odontoiatri,705289.0
6,Altre Pubbliche Amministrazioni Centrali,0,Totale,ae084215-94e7-40b9-9728-8e57b315d1aa,Abilitazioni Servizi Lavoro MLPS,Ispettorato Nazionale del Lavoro,415.0
6,Altre Pubbliche Amministrazioni Centrali,0,Totale,9f35bb89-c5db-4e8e-9dc7-6782384fdc91,Lettura dati dal PNS,Ispettorato Nazionale del Lavoro,29681.0
6,Altre Pubbliche Amministrazioni Centrali,0,Totale,94bf40e9-9d1a-4699-ac5d-073e30c40f36,Ottieni Documenti di Trasporto,Agenzia per le Erogazioni in Agricoltura - AGEA,75855.0
6,Altre Pubbliche Amministrazioni Centrali,0,Totale,722caa4b-1410-445b-b8ae-c9c79acaff34,CNF-CheckAvv,Consiglio Nazionale Forense,129160.0
6,Altre Pubbliche Amministrazioni Centrali,0,Totale,1738119b-9bd1-42ae-838b-2a8ad24932e9,Consultazione visura veicolo per targa - PRA (C001),Automobile Club d'Italia,211.0
6,Altre Pubbliche Amministrazioni Centrali,0,Totale,fa6fb7f6-5544-4a3a-9c3b-9b29d68920ac,Ottieni Ultima Scheda di Validazione,Agenzia per le Erogazioni in Agricoltura - AGEA,36487.0
6,Altre Pubbliche Amministrazioni Centrali,0,Totale,6f5ca134-c8bd-4a4f-93b2-ebe7cba8ba69,GESTIONE ANAGRAFICHE ODONTOIATRI,Federazione Nazionale degli Ordini dei Medici Chirurghi e degli Odontoiatri,543817.0
6,Altre Pubbliche Amministrazioni Centrali,0,Totale,2cdb3e83-cc2a-4464-96a8-42c968693e05,Invio EAA Tesserino - IT Wallet,Federazione Nazionale degli Ordini dei Medici Chirurghi e degli Odontoiatri,134972.0
6,Altre Pubbliche Amministrazioni Centrali,0,Totale,c1c95f20-6f93-41b5-8c3e-a29d27a03b90,Invio dati al PNS,Ispettorato Nazionale del Lavoro,35288.0
7,Regioni e Province Autonome,12,Pubbliche Amministrazioni Centrali,e08b744b-ca39-4222-b8d4-ce9b9112826c,Ricezione Comunicazioni Obbligatorie - UNILAV – Regione VDA,Regione Autonoma Valle D'Aosta,5689.0
7,Regioni e Province Autonome,12,Pubbliche Amministrazioni Centrali,ab4b3587-36f9-4ba8-a598-5557ba3836de,RM-CO-001 Comunicazioni obbligatorie Regione Marche,Regione Marche,3285.0
7,Regioni e Province Autonome,12,Pubbliche Amministrazioni Centrali,f165cf00-7d53-45db-9c86-69fa9f822400,CO VARDATORI Regione Liguria,Regione Liguria,3954.0
7,Regioni e Province Autonome,12,Pubbliche Amministrazioni Centrali,859d97c8-f84e-4d0c-ade0-c359ac5ee4ae,CO UNILAV Regione Liguria,Regione Liguria,23216.0
7,Regioni e Province Autonome,12,Pubbliche Amministrazioni Centrali,b2971f59-7659-4060-8e83-edf0fd5e396d,CO UNISOMM Regione Liguria,Regione Liguria,6275.0
7,Regioni e Province Autonome,12,Pubbliche Amministrazioni Centrali,4c1d0717-829d-4918-8ffb-c849b6d82e0d,Ricezione Comunicazioni Obbligatorie VARDATORI - Regione VDA,Regione Autonoma Valle D'Aosta,1629.0
7,Regioni e Province Autonome,12,Pubbliche Amministrazioni Centrali,d068b30a-ceef-4e50-a2ac-3c4624ae66ac,ComObblWS,Regione Toscana,3378.0
7,Regioni e Province Autonome,12,Pubbliche Amministrazioni Centrali,0e578ff4-ff2b-41ea-9ddf-96b517ad3e30,Comunicazioni Obbligatorie UNILAV Regione Piemonte,Regione Piemonte,3453.0
7,Regioni e Province Autonome,12,Pubbliche Amministrazioni Centrali,0511cb99-afa6-42c5-8f1d-aef32cd5e6c9,[RVE] Invio Comunicazioni Obbligatorie - UNISOMM,Regione del Veneto,33862.0
7,Regioni e Province Autonome,12,Pubbliche Amministrazioni Centrali,8b159a2f-e3fc-44a2-b970-2ee476795ddb,Ricezione Comunicazioni Obbligatorie,Provincia Autonoma di Trento,8754.0
7,Regioni e Province Autonome,6,Altre Pubbliche Amministrazioni Centrali,1823b71c-5244-4d3d-8a68-5b16ddcd23ca,Consultazione Atti di Dissesto - ISPRARVE,Regione del Veneto,2.0
7,Regioni e Province Autonome,1,Altre Pubbliche Amministrazioni locali,,,,
7,Regioni e Province Autonome,2,Aziende sanitarie locali e Strutture di ricovero,26161c54-f0b2-4dae-bb5c-b390e97711ae,Consultazione situazioni assistenziali degli assistiti,Regione Siciliana,4.0
7,Regioni e Province Autonome,2,Aziende sanitarie locali e Strutture di ricovero,63758e9b-aa8d-4458-8961-4ec9dfa1af77,Consultazione dati anagrafici e sanitari degli assistiti,Regione Siciliana,5.0
7,Regioni e Province Autonome,3,Comuni,b0d8d387-b610-4083-95ae-9ff5037f1fba,ICEF indicatore famiglia con nucleo,Provincia Autonoma di Trento,304109.0
7,Regioni e Province Autonome,5,Province e Città Metropolitane,,,,
7,Regioni e Province Autonome,7,Regioni e Province Autonome,fd1cb63b-33fd-4580-8ce2-9b17259f4e98,Creazione EAA Open Badge Formazione – IT-Wallet,Regione Emilia-Romagna,19.0
7,Regioni e Province Autonome,7,Regioni e Province Autonome,1ec28868-458c-43a2-b3ce-83d257908f87,IT-Wallet - Iscrizione collegio consultivo tecnico,Regione Marche,25.0
7,Regioni e Province Autonome,7,Regioni e Province Autonome,2023e8d8-4c39-4abb-861b-079c237bc566,Consultazione Badge Dipendente - IT-Wallet,Regione Autonoma Friuli-Venezia Giulia,111.0
7,Regioni e Province Autonome,7,Regioni e Province Autonome,cd2dea98-6540-412f-acc0-7d693b5842dc,Catasto grotte,Provincia Autonoma di Trento,92.0
7,Regioni e Province Autonome,7,Regioni e Province Autonome,e8927064-9592-4ce2-95b5-a34bcd9f70cd,Consultazione Attestati di Formazione - IT-Wallet,Regione Autonoma Friuli-Venezia Giulia,23.0
7,Regioni e Province Autonome,7,Regioni e Province Autonome,ae83815c-f464-4904-a945-b9f4aad1e9f1,IT-Wallet - RC040 - Tesserino venatorio,Regione Campania,31.0
7,Regioni e Province Autonome,7,Regioni e Province Autonome,d8b0bf18-b04a-4044-98cf-03c84b0ecc6f,Consultazione Badge Regionale - IT-Wallet,Regione Basilicata,31.0
7,Regioni e Province Autonome,7,Regioni e Province Autonome,a2789991-8e4a-44ca-9945-7c0ef553e0ec,Creazione EAA Badge,Regione Emilia-Romagna,28.0
7,Regioni e Province Autonome,7,Regioni e Province Autonome,7297c5d2-0bc0-43df-bd96-32a20a18ec6e,Creazione EAA Tesserino Piante Officinali – IT-Wallet,Regione Emilia-Romagna,23.0
7,Regioni e Province Autonome,7,Regioni e Province Autonome,eae870ed-007d-4caa-a596-6f2adef96495,Certificato del Dipendente Regionale_,Regione Siciliana,47.0
7,Regioni e Province Autonome,9,Stazioni Appaltanti e Gestori di pubblici servizi,,,,
7,Regioni e Province Autonome,10,Università e AFAM,,,,
7,Regioni e Province Autonome,4,Enti Nazionali di Previdenza ed Assistenza Sociale,,,,
7,Regioni e Province Autonome,11,Enti privati,e68abe40-2f55-4b08-a8df-f87659fb0bd0,Consultazione Orientamento Università,Regione Toscana,6.0
7,Regioni e Province Autonome,8,Scuole,,,,
7,Regioni e Province Autonome,0,Totale,e08b744b-ca39-4222-b8d4-ce9b9112826c,Ricezione Comunicazioni Obbligatorie - UNILAV – Regione VDA,Regione Autonoma Valle D'Aosta,5689.0
7,Regioni e Province Autonome,0,Totale,ab4b3587-36f9-4ba8-a598-5557ba3836de,RM-CO-001 Comunicazioni obbligatorie Regione Marche,Regione Marche,3285.0
7,Regioni e Province Autonome,0,Totale,f165cf00-7d53-45db-9c86-69fa9f822400,CO VARDATORI Regione Liguria,Regione Liguria,3954.0
7,Regioni e Province Autonome,0,Totale,b0d8d387-b610-4083-95ae-9ff5037f1fba,ICEF indicatore famiglia con nucleo,Provincia Autonoma di Trento,304109.0
7,Regioni e Province Autonome,0,Totale,859d97c8-f84e-4d0c-ade0-c359ac5ee4ae,CO UNILAV Regione Liguria,Regione Liguria,23216.0
7,Regioni e Province Autonome,0,Totale,b2971f59-7659-4060-8e83-edf0fd5e396d,CO UNISOMM Regione Liguria,Regione Liguria,6275.0
7,Regioni e Province Autonome,0,Totale,d068b30a-ceef-4e50-a2ac-3c4624ae66ac,ComObblWS,Regione Toscana,3378.0
7,Regioni e Province Autonome,0,Totale,0e578ff4-ff2b-41ea-9ddf-96b517ad3e30,Comunicazioni Obbligatorie UNILAV Regione Piemonte,Regione Piemonte,3453.0
7,Regioni e Province Autonome,0,Totale,0511cb99-afa6-42c5-8f1d-aef32cd5e6c9,[RVE] Invio Comunicazioni Obbligatorie - UNISOMM,Regione del Veneto,33862.0
7,Regioni e Province Autonome,0,Totale,8b159a2f-e3fc-44a2-b970-2ee476795ddb,Ricezione Comunicazioni Obbligatorie,Provincia Autonoma di Trento,8754.0
9,Stazioni Appaltanti e Gestori di pubblici servizi,12,Pubbliche Amministrazioni Centrali,cfc8a94d-001a-4ab6-bb5c-2509b2a68af1,SEND - Servizio Notifiche Digitali,PagoPa S.p.A.,425240.0
9,Stazioni Appaltanti e Gestori di pubblici servizi,12,Pubbliche Amministrazioni Centrali,baa29c72-3b59-4827-9018-e12670eb6877,Documenti su IO - notifiche Patente,Istituto Poligrafico e Zecca dello Stato S.P.A.,95711.0
9,Stazioni Appaltanti e Gestori di pubblici servizi,6,Altre Pubbliche Amministrazioni Centrali,cfc8a94d-001a-4ab6-bb5c-2509b2a68af1,SEND - Servizio Notifiche Digitali,PagoPa S.p.A.,24840.0
9,Stazioni Appaltanti e Gestori di pubblici servizi,1,Altre Pubbliche Amministrazioni locali,cfc8a94d-001a-4ab6-bb5c-2509b2a68af1,SEND - Servizio Notifiche Digitali,PagoPa S.p.A.,2659844.0
9,Stazioni Appaltanti e Gestori di pubblici servizi,2,Aziende sanitarie locali e Strutture di ricovero,cfc8a94d-001a-4ab6-bb5c-2509b2a68af1,SEND - Servizio Notifiche Digitali,PagoPa S.p.A.,37391.0
9,Stazioni Appaltanti e Gestori di pubblici servizi,3,Comuni,cfc8a94d-001a-4ab6-bb5c-2509b2a68af1,SEND - Servizio Notifiche Digitali,PagoPa S.p.A.,197290913.0
9,Stazioni Appaltanti e Gestori di pubblici servizi,5,Province e Città Metropolitane,cfc8a94d-001a-4ab6-bb5c-2509b2a68af1,SEND - Servizio Notifiche Digitali,PagoPa S.p.A.,412171.0
9,Stazioni Appaltanti e Gestori di pubblici servizi,7,Regioni e Province Autonome,cfc8a94d-001a-4ab6-bb5c-2509b2a68af1,SEND - Servizio Notifiche Digitali,PagoPa S.p.A.,20121.0
9,Stazioni Appaltanti e Gestori di pubblici servizi,9,Stazioni Appaltanti e Gestori di pubblici servizi,79fbf1b5-4736-4ba2-b798-29a28a4f078b,Gestione e consultazione foto georeferenziate - SINFI,"INFRASTRUTTURE E TELECOMUNICAZIONI PER L'ITALIA S.P.A IN FORMA ABBREVIATA ""INFRATEL ITALIA S.P.A.""",2.0
9,Stazioni Appaltanti e Gestori di pubblici servizi,9,Stazioni Appaltanti e Gestori di pubblici servizi,cfc8a94d-001a-4ab6-bb5c-2509b2a68af1,SEND - Servizio Notifiche Digitali,PagoPa S.p.A.,16475557.0
9,Stazioni Appaltanti e Gestori di pubblici servizi,9,Stazioni Appaltanti e Gestori di pubblici servizi,22075cef-6d41-40ea-bc0f-9bfb7357983d,Calcolo Nuovo Canone Patrimoniale - SINFI,"INFRASTRUTTURE E TELECOMUNICAZIONI PER L'ITALIA S.P.A IN FORMA ABBREVIATA ""INFRATEL ITALIA S.P.A.""",1.0
9,Stazioni Appaltanti e Gestori di pubblici servizi,9,Stazioni Appaltanti e Gestori di pubblici servizi,dc9cdf88-1696-4b90-b29e-c116cc0f8c24,SEND - solo per SCP (Società a controllo pubblico),PagoPa S.p.A.,2122715.0
9,Stazioni Appaltanti e Gestori di pubblici servizi,9,Stazioni Appaltanti e Gestori di pubblici servizi,5ea791d3-6535-4de7-a7f6-5d0c3fe22e06,Consultazione edifici Broadband Ready - SINFI,"INFRASTRUTTURE E TELECOMUNICAZIONI PER L'ITALIA S.P.A IN FORMA ABBREVIATA ""INFRATEL ITALIA S.P.A.""",2.0
9,Stazioni Appaltanti e Gestori di pubblici servizi,9,Stazioni Appaltanti e Gestori di pubblici servizi,8e1c9955-e779-43a2-9035-418bcf820847,Consultazione statistiche infrastrutturali - SINFI,"INFRASTRUTTURE E TELECOMUNICAZIONI PER L'ITALIA S.P.A IN FORMA ABBREVIATA ""INFRATEL ITALIA S.P.A.""",205.0
9,Stazioni Appaltanti e Gestori di pubblici servizi,9,Stazioni Appaltanti e Gestori di pubblici servizi,6f0c463b-5f4f-4919-a783-6fbed90e9f24,Pubblicazione mappe infrastrutturali (WMS) - SINFI,"INFRASTRUTTURE E TELECOMUNICAZIONI PER L'ITALIA S.P.A IN FORMA ABBREVIATA ""INFRATEL ITALIA S.P.A.""",53.0
9,Stazioni Appaltanti e Gestori di pubblici servizi,9,Stazioni Appaltanti e Gestori di pubblici servizi,11acb371-a0a8-4864-b0ce-8a17658f27da,Consultazione terminazioni ottiche - SINFI,"INFRASTRUTTURE E TELECOMUNICAZIONI PER L'ITALIA S.P.A IN FORMA ABBREVIATA ""INFRATEL ITALIA S.P.A.""",2.0
9,Stazioni Appaltanti e Gestori di pubblici servizi,9,Stazioni Appaltanti e Gestori di pubblici servizi,2e51b472-6546-4358-8049-d6fec52955e8,Conferimento dati infrastrutturali - SINFI,"INFRASTRUTTURE E TELECOMUNICAZIONI PER L'ITALIA S.P.A IN FORMA ABBREVIATA ""INFRATEL ITALIA S.P.A.""",2.0
9,Stazioni Appaltanti e Gestori di pubblici servizi,9,Stazioni Appaltanti e Gestori di pubblici servizi,1e9d3cd6-0433-4328-a5ab-fdf65f40d852,Documenti su IO - Statistiche andamento servizio,Istituto Poligrafico e Zecca dello Stato S.P.A.,231.0
9,Stazioni Appaltanti e Gestori di pubblici servizi,10,Università e AFAM,cfc8a94d-001a-4ab6-bb5c-2509b2a68af1,SEND - Servizio Notifiche Digitali,PagoPa S.p.A.,265141.0
9,Stazioni Appaltanti e Gestori di pubblici servizi,4,Enti Nazionali di Previdenza ed Assistenza Sociale,,,,
9,Stazioni Appaltanti e Gestori di pubblici servizi,11,Enti privati,,,,
9,Stazioni Appaltanti e Gestori di pubblici servizi,8,Scuole,,,,
9,Stazioni Appaltanti e Gestori di pubblici servizi,0,Totale,79fbf1b5-4736-4ba2-b798-29a28a4f078b,Gestione e consultazione foto georeferenziate - SINFI,"INFRASTRUTTURE E TELECOMUNICAZIONI PER L'ITALIA S.P.A IN FORMA ABBREVIATA ""INFRATEL ITALIA S.P.A.""",2.0
9,Stazioni Appaltanti e Gestori di pubblici servizi,0,Totale,cfc8a94d-001a-4ab6-bb5c-2509b2a68af1,SEND - Servizio Notifiche Digitali,PagoPa S.p.A.,217611218.0
9,Stazioni Appaltanti e Gestori di pubblici servizi,0,Totale,dc9cdf88-1696-4b90-b29e-c116cc0f8c24,SEND - solo per SCP (Società a controllo pubblico),PagoPa S.p.A.,2122715.0
9,Stazioni Appaltanti e Gestori di pubblici servizi,0,Totale,5ea791d3-6535-4de7-a7f6-5d0c3fe22e06,Consultazione edifici Broadband Ready - SINFI,"INFRASTRUTTURE E TELECOMUNICAZIONI PER L'ITALIA S.P.A IN FORMA ABBREVIATA ""INFRATEL ITALIA S.P.A.""",2.0
9,Stazioni Appaltanti e Gestori di pubblici servizi,0,Totale,8e1c9955-e779-43a2-9035-418bcf820847,Consultazione statistiche infrastrutturali - SINFI,"INFRASTRUTTURE E TELECOMUNICAZIONI PER L'ITALIA S.P.A IN FORMA ABBREVIATA ""INFRATEL ITALIA S.P.A.""",205.0
9,Stazioni Appaltanti e Gestori di pubblici servizi,0,Totale,6f0c463b-5f4f-4919-a783-6fbed90e9f24,Pubblicazione mappe infrastrutturali (WMS) - SINFI,"INFRASTRUTTURE E TELECOMUNICAZIONI PER L'ITALIA S.P.A IN FORMA ABBREVIATA ""INFRATEL ITALIA S.P.A.""",53.0
9,Stazioni Appaltanti e Gestori di pubblici servizi,0,Totale,11acb371-a0a8-4864-b0ce-8a17658f27da,Consultazione terminazioni ottiche - SINFI,"INFRASTRUTTURE E TELECOMUNICAZIONI PER L'ITALIA S.P.A IN FORMA ABBREVIATA ""INFRATEL ITALIA S.P.A.""",2.0
9,Stazioni Appaltanti e Gestori di pubblici servizi,0,Totale,2e51b472-6546-4358-8049-d6fec52955e8,Conferimento dati infrastrutturali - SINFI,"INFRASTRUTTURE E TELECOMUNICAZIONI PER L'ITALIA S.P.A IN FORMA ABBREVIATA ""INFRATEL ITALIA S.P.A.""",2.0
9,Stazioni Appaltanti e Gestori di pubblici servizi,0,Totale,1e9d3cd6-0433-4328-a5ab-fdf65f40d852,Documenti su IO - Statistiche andamento servizio,Istituto Poligrafico e Zecca dello Stato S.P.A.,231.0
9,Stazioni Appaltanti e Gestori di pubblici servizi,0,Totale,baa29c72-3b59-4827-9018-e12670eb6877,Documenti su IO - notifiche Patente,Istituto Poligrafico e Zecca dello Stato S.P.A.,95711.0
10,Università e AFAM,12,Pubbliche Amministrazioni Centrali,738883e1-7916-41db-a29d-c9c4c86088d9,Consultazione variazioni iscrizioni accademiche (IFS06),Accademia di Belle Arti di Roma,64.0
10,Università e AFAM,12,Pubbliche Amministrazioni Centrali,4896ca82-f8d5-4fa6-86ba-77a9671f4c65,Consultazione variazioni titoli accademici (IFS07),Conservatorio Statale di Musica di Piacenza,61.0
10,Università e AFAM,12,Pubbliche Amministrazioni Centrali,69dd276a-4d79-4c4e-89eb-04f1557b0b46,Consultazione variazioni iscrizioni accademiche (IFS06),Conservatorio di Musica Giuseppe Tartini di Trieste,62.0
10,Università e AFAM,12,Pubbliche Amministrazioni Centrali,126f01fe-051e-4dc6-a11d-b5d84f561ce8,Consultazione variazioni iscrizioni accademiche (IFS06),Conservatorio di Monopoli Nino Rota,62.0
10,Università e AFAM,12,Pubbliche Amministrazioni Centrali,c8928cd7-61da-4ec7-a19c-08c6775bf7fb,Consultazione iscrizioni accademiche (IFS02),Accademia di Belle Arti di Roma,63.0
10,Università e AFAM,12,Pubbliche Amministrazioni Centrali,3a4cf370-e356-43ad-b584-99db85413c17,Consultazione variazioni titoli accademici (IFS07),"Accademia di Belle Arti ""Pietro Vannucci""",892.0
10,Università e AFAM,12,Pubbliche Amministrazioni Centrali,0cb73776-97cf-4fa6-a080-01a7556a5729,Consultazione variazioni titoli accademici (IFS07),Conservatorio di Musica Giuseppe Tartini di Trieste,61.0
10,Università e AFAM,12,Pubbliche Amministrazioni Centrali,8c84f5ec-59a5-4f19-9245-f00cfee2fb6b,Consultazione variazioni iscrizioni accademiche (IFS06),Conservatorio di Musica di Stato Alessandro Scarlatti,863.0
10,Università e AFAM,12,Pubbliche Amministrazioni Centrali,b3ecf93a-60bf-4f3b-b415-f3b9406e5bf3,Consultazione variazioni titoli accademici (IFS07),Conservatorio di Monopoli Nino Rota,62.0
10,Università e AFAM,12,Pubbliche Amministrazioni Centrali,beb83231-2aed-4f50-8133-f355f4e652cc,Consultazione variazioni iscrizioni accademiche (IFS06),Istituto Superiore per Le Industrie Artistiche di Pescara,514.0
10,Università e AFAM,6,Altre Pubbliche Amministrazioni Centrali,,,,
10,Università e AFAM,1,Altre Pubbliche Amministrazioni locali,0d54dfa0-ec75-44a2-aa68-022258a3e1ca,Consultazione variazioni iscrizioni accademiche (IFS06),"CONSERVATORIO STATALE DI MUSICA ""PIETRO MASCAGNI"" - LIVORNO",1.0
10,Università e AFAM,1,Altre Pubbliche Amministrazioni locali,4518018f-7a97-4312-9abe-e15e30cf5655,Consultazione variazioni titoli accademici (IFS07),"CONSERVATORIO STATALE DI MUSICA ""PIETRO MASCAGNI"" - LIVORNO",1.0
10,Università e AFAM,1,Altre Pubbliche Amministrazioni locali,fc7d2aee-9a42-41db-8cab-78b012d1e308,Consultazione offerta formativa (IFS01),"CONSERVATORIO STATALE DI MUSICA ""PIETRO MASCAGNI"" - LIVORNO",2.0
10,Università e AFAM,1,Altre Pubbliche Amministrazioni locali,5878fd9a-cda2-4e09-be60-cb5c3d6f77f0,Consultazione iscrizioni accademiche (IFS02),UNIVERSITA' DEGLI STUDI DELL'AQUILA,23.0
10,Università e AFAM,1,Altre Pubbliche Amministrazioni locali,2b6dbfb8-48c1-4d10-b51d-ac4fefac0d47,Consultazione iscrizioni accademiche (IFS02),Accademia di Belle Arti di Foggia,1.0
10,Università e AFAM,1,Altre Pubbliche Amministrazioni locali,a5b5451a-bc24-4fbe-9810-a0bff7983ff9,Consultazione offerta formativa (IFS01),Accademia di Belle Arti di Foggia,15.0
10,Università e AFAM,1,Altre Pubbliche Amministrazioni locali,3495f32d-4811-4eac-a9bc-3014291538e6,Consultazione variazioni iscrizioni accademiche (IFS06),Accademia di Belle Arti di Foggia,1.0
10,Università e AFAM,1,Altre Pubbliche Amministrazioni locali,30c338a7-1f05-4fcb-b75e-833af02c551b,Rettifica iscrizioni accademiche (IFS04),"CONSERVATORIO STATALE DI MUSICA ""PIETRO MASCAGNI"" - LIVORNO",1.0
10,Università e AFAM,1,Altre Pubbliche Amministrazioni locali,2e3bcd3c-ed5c-4f78-89e8-e8cdadadfde5,Consultazione titoli accademici (IFS03),Accademia di Belle Arti di Foggia,1.0
10,Università e AFAM,1,Altre Pubbliche Amministrazioni locali,1a20b610-4e6a-4d2d-ac72-1d792c13bbce,Rettifica titoli accademici (IFS05),"CONSERVATORIO STATALE DI MUSICA ""PIETRO MASCAGNI"" - LIVORNO",1.0
10,Università e AFAM,2,Aziende sanitarie locali e Strutture di ricovero,,,,
10,Università e AFAM,3,Comuni,1a3987cc-492d-45f2-89cf-03cff8226120,Consultazione titoli accademici (IFS03),Universita' degli Studi di Milano - Bicocca,37.0
10,Università e AFAM,3,Comuni,dba52135-3dd2-41cf-8fd7-039d6266f037,Consultazione titoli accademici (IFS03),Politecnico di Milano,5.0
10,Università e AFAM,5,Province e Città Metropolitane,,,,
10,Università e AFAM,7,Regioni e Province Autonome,,,,
10,Università e AFAM,9,Stazioni Appaltanti e Gestori di pubblici servizi,,,,
10,Università e AFAM,10,Università e AFAM,68d133fc-f21f-48d1-9b03-db72675b4925,Consultazione iscrizioni accademiche (IFS02),Universita' degli Studi di Palermo,4254.0
10,Università e AFAM,10,Università e AFAM,d37d8c8b-193f-4333-a50f-6127519aad0c,Consultazione titoli accademici (IFS03),Universita Degli Studi di Milano,206.0
10,Università e AFAM,10,Università e AFAM,c27a7e1a-c822-449a-89c2-10bbab262b81,Consultazione iscrizioni accademiche (IFS02),Universita Degli Studi di Milano,240.0
10,Università e AFAM,10,Università e AFAM,3e9012a3-1ca5-4960-9001-318587d07a09,Consultazione numero iscritti a un corso di studi (IFS09),Universita' degli Studi di Palermo,4250.0
10,Università e AFAM,10,Università e AFAM,54773b04-e50d-4ba9-93ec-4f51c9096084,Consultazione offerta formativa (IFS01),Conservatorio di Musica U. Giordano,371.0
10,Università e AFAM,10,Università e AFAM,c3b3d028-3b66-4dd5-9517-0fd504471433,Consultazione variazioni titoli accademici (IFS07),Universita' degli Studi di Palermo,4250.0
10,Università e AFAM,10,Università e AFAM,3365dfc2-fd5a-4fa3-99f0-ff43ffb5491b,Consultazione titoli accademici (IFS03),Universita' degli Studi di Palermo,4254.0
10,Università e AFAM,10,Università e AFAM,d5ddfba1-4c23-4549-b923-6442688351e8,Consultazione offerta formativa (IFS01),Universita' degli Studi di Palermo,4248.0
10,Università e AFAM,10,Università e AFAM,06dc337f-0d99-4743-a521-5e5f957e0b32,Consultazione variazioni iscrizioni accademiche (IFS06),Universita' degli Studi di Palermo,4250.0
10,Università e AFAM,10,Università e AFAM,562d1d0a-7471-40d2-bb85-bc56c5a555bd,Consultazione numero iscritti per fasce ISEE (IFS08),Universita' degli Studi di Palermo,4250.0
10,Università e AFAM,4,Enti Nazionali di Previdenza ed Assistenza Sociale,,,,
10,Università e AFAM,11,Enti privati,,,,
10,Università e AFAM,8,Scuole,,,,
10,Università e AFAM,0,Totale,68d133fc-f21f-48d1-9b03-db72675b4925,Consultazione iscrizioni accademiche (IFS02),Universita' degli Studi di Palermo,4254.0
10,Università e AFAM,0,Totale,3e9012a3-1ca5-4960-9001-318587d07a09,Consultazione numero iscritti a un corso di studi (IFS09),Universita' degli Studi di Palermo,4250.0
10,Università e AFAM,0,Totale,c3b3d028-3b66-4dd5-9517-0fd504471433,Consultazione variazioni titoli accademici (IFS07),Universita' degli Studi di Palermo,4250.0
10,Università e AFAM,0,Totale,3365dfc2-fd5a-4fa3-99f0-ff43ffb5491b,Consultazione titoli accademici (IFS03),Universita' degli Studi di Palermo,4254.0
10,Università e AFAM,0,Totale,3a4cf370-e356-43ad-b584-99db85413c17,Consultazione variazioni titoli accademici (IFS07),"Accademia di Belle Arti ""Pietro Vannucci""",892.0
10,Università e AFAM,0,Totale,8c84f5ec-59a5-4f19-9245-f00cfee2fb6b,Consultazione variazioni iscrizioni accademiche (IFS06),Conservatorio di Musica di Stato Alessandro Scarlatti,863.0
10,Università e AFAM,0,Totale,d5ddfba1-4c23-4549-b923-6442688351e8,Consultazione offerta formativa (IFS01),Universita' degli Studi di Palermo,4248.0
10,Università e AFAM,0,Totale,06dc337f-0d99-4743-a521-5e5f957e0b32,Consultazione variazioni iscrizioni accademiche (IFS06),Universita' degli Studi di Palermo,4250.0
10,Università e AFAM,0,Totale,beb83231-2aed-4f50-8133-f355f4e652cc,Consultazione variazioni iscrizioni accademiche (IFS06),Istituto Superiore per Le Industrie Artistiche di Pescara,514.0
10,Università e AFAM,0,Totale,562d1d0a-7471-40d2-bb85-bc56c5a555bd,Consultazione numero iscritti per fasce ISEE (IFS08),Universita' degli Studi di Palermo,4250.0
11,Enti privati,12,Pubbliche Amministrazioni Centrali,,,,
11,Enti privati,6,Altre Pubbliche Amministrazioni Centrali,,,,
11,Enti privati,1,Altre Pubbliche Amministrazioni locali,,,,
11,Enti privati,2,Aziende sanitarie locali e Strutture di ricovero,,,,
11,Enti privati,3,Comuni,,,,
11,Enti privati,5,Province e Città Metropolitane,,,,
11,Enti privati,7,Regioni e Province Autonome,8d973606-ddb8-471a-98c8-b2b8c3b9823d,IT.Ambito.PDND.TestService,AMBITO S.R.L.,2.0
11,Enti privati,9,Stazioni Appaltanti e Gestori di pubblici servizi,,,,
11,Enti privati,10,Università e AFAM,,,,
11,Enti privati,4,Enti Nazionali di Previdenza ed Assistenza Sociale,,,,
11,Enti privati,11,Enti privati,8d973606-ddb8-471a-98c8-b2b8c3b9823d,IT.Ambito.PDND.TestService,AMBITO S.R.L.,21.0
11,Enti privati,8,Scuole,,,,
11,Enti privati,0,Totale,8d973606-ddb8-471a-98c8-b2b8c3b9823d,IT.Ambito.PDND.TestService,AMBITO S.R.L.,23.0
12,Pubbliche Amministrazioni Centrali,12,Pubbliche Amministrazioni Centrali,6ee0e5c9-1382-40fc-ad1b-2f185abec256,C019-servizioAccertamentoEsistenzaVita,Ministero dell'Interno,2351705.0
12,Pubbliche Amministrazioni Centrali,12,Pubbliche Amministrazioni Centrali,a9305611-005c-4604-a57e-2968c9708e4a,C032-servizioAccertamentoElettorale,Ministero dell'Interno,1837370.0
12,Pubbliche Amministrazioni Centrali,12,Pubbliche Amministrazioni Centrali,12d5ff12-7894-4c89-bbfc-033418fb1e38,C030-servizioAccertamentoIdUnicoNazionale-approvazione_autom,Ministero dell'Interno,888473.0
12,Pubbliche Amministrazioni Centrali,12,Pubbliche Amministrazioni Centrali,09344d93-af98-45d9-89b8-dea7ee32e2fc,C029-servizioAccertamentoDatiAnagrafici,Ministero dell'Interno,582273.0
12,Pubbliche Amministrazioni Centrali,12,Pubbliche Amministrazioni Centrali,78fd67d2-a23e-46f4-8ff0-734c04b54feb,ANIST - Accertamento Titoli,Ministero dell'istruzione e del merito,392366.0
12,Pubbliche Amministrazioni Centrali,12,Pubbliche Amministrazioni Centrali,919f4373-396c-4eac-9585-0211e7652c1a,C033-servizioAccertamentoResidenzaSenzaDecesso,Ministero dell'Interno,536764.0
12,Pubbliche Amministrazioni Centrali,12,Pubbliche Amministrazioni Centrali,c3718b5a-510c-4f8b-9195-4ca58478e733,ANS - IFS02 - Academic enrollments,MINISTERO DELL'UNIVERSITA' E DELLA RICERCA,3638455.0
12,Pubbliche Amministrazioni Centrali,12,Pubbliche Amministrazioni Centrali,69abfe02-3e83-4b10-82ae-8af6b9aedc7c,ANS - IFS03 - Academic qualification degrees,MINISTERO DELL'UNIVERSITA' E DELLA RICERCA,4281378.0
12,Pubbliche Amministrazioni Centrali,12,Pubbliche Amministrazioni Centrali,190e9711-d77f-40c1-be01-71165643ca57,DL78PF - Interrogazione soggetti Persona Fisica per le PPAA,Agenzia delle Entrate,303321.0
12,Pubbliche Amministrazioni Centrali,12,Pubbliche Amministrazioni Centrali,b943e5ed-1cdc-4010-8bd7-da6ee221b923,ANIS - Consultazione Titoli [IFS03],MINISTERO DELL'UNIVERSITA' E DELLA RICERCA,5452070.0
12,Pubbliche Amministrazioni Centrali,6,Altre Pubbliche Amministrazioni Centrali,629471f4-0d6c-4b12-99f1-96e3d3b8595d,INVIO_OfferteFormative_PoliticheAttive,Ministero del Lavoro e delle Politiche Sociali,1337.0
12,Pubbliche Amministrazioni Centrali,6,Altre Pubbliche Amministrazioni Centrali,8fe27f7f-b559-4c51-90b6-a4d6eae4ae01,C020-servizioAccertamentoResidenza,Ministero dell'Interno,2558.0
12,Pubbliche Amministrazioni Centrali,6,Altre Pubbliche Amministrazioni Centrali,12d5ff12-7894-4c89-bbfc-033418fb1e38,C030-servizioAccertamentoIdUnicoNazionale-approvazione_autom,Ministero dell'Interno,110243.0
12,Pubbliche Amministrazioni Centrali,6,Altre Pubbliche Amministrazioni Centrali,fc07b6a0-0eaf-45ae-a3f6-f607b7572b82,INVIO_Offerta formativa Microcredito-FSL_044,Ministero del Lavoro e delle Politiche Sociali,3792.0
12,Pubbliche Amministrazioni Centrali,6,Altre Pubbliche Amministrazioni Centrali,a8bea178-21e3-4db3-86dd-7d5557629267,AGGIORNAMENTO_Offerta formativa Microcredito-FSL_045,Ministero del Lavoro e delle Politiche Sociali,836.0
12,Pubbliche Amministrazioni Centrali,6,Altre Pubbliche Amministrazioni Centrali,cddca182-b3f8-4599-89d4-b8a09375202f,ElabMassivaAccertIdUnicoNazionale,Ministero dell'Interno,187437.0
12,Pubbliche Amministrazioni Centrali,6,Altre Pubbliche Amministrazioni Centrali,ea3e08b5-47d2-47e4-bcd8-9fe7a988a3c9,C003-servizioVerificaDichGeneralita-approvazione_automatica,Ministero dell'Interno,373154.0
12,Pubbliche Amministrazioni Centrali,6,Altre Pubbliche Amministrazioni Centrali,e0be209b-04d5-43d1-92b4-97a080e7ac28,CONSULTAZIONE_Interesse a corsi Microcredito-FSL_046,Ministero del Lavoro e delle Politiche Sociali,424173.0
12,Pubbliche Amministrazioni Centrali,6,Altre Pubbliche Amministrazioni Centrali,936f081c-141e-4601-a9aa-4a6b5437bbfe,ANPR-Certificazione,Ministero dell'Interno,78887.0
12,Pubbliche Amministrazioni Centrali,6,Altre Pubbliche Amministrazioni Centrali,2d97cffc-27cb-4705-a21d-9e1084aec9e3,INAD CONSULTAZIONE DD,Agenzia per L'Italia Digitale,1406.0
12,Pubbliche Amministrazioni Centrali,1,Altre Pubbliche Amministrazioni locali,6ee0e5c9-1382-40fc-ad1b-2f185abec256,C019-servizioAccertamentoEsistenzaVita,Ministero dell'Interno,658570.0
12,Pubbliche Amministrazioni Centrali,1,Altre Pubbliche Amministrazioni locali,ce093b84-bcb2-4bdd-ae75-0fc1dcf56ce1,PCP - Pubblica avviso,Autorita' Nazionale Anticorruzione - A.N.AC.,468805.0
12,Pubbliche Amministrazioni Centrali,1,Altre Pubbliche Amministrazioni locali,8fe27f7f-b559-4c51-90b6-a4d6eae4ae01,C020-servizioAccertamentoResidenza,Ministero dell'Interno,156083.0
12,Pubbliche Amministrazioni Centrali,1,Altre Pubbliche Amministrazioni locali,12d5ff12-7894-4c89-bbfc-033418fb1e38,C030-servizioAccertamentoIdUnicoNazionale-approvazione_autom,Ministero dell'Interno,1053804.0
12,Pubbliche Amministrazioni Centrali,1,Altre Pubbliche Amministrazioni locali,28a33c9f-7450-4f66-8776-4db37adab3a5,PCP - Servizi comuni,Autorita' Nazionale Anticorruzione - A.N.AC.,594414.0
12,Pubbliche Amministrazioni Centrali,1,Altre Pubbliche Amministrazioni locali,84ff6795-2255-4784-95d8-c4eb4b89a6b5,PCP – Comunica appalto,Autorita' Nazionale Anticorruzione - A.N.AC.,248184.0
12,Pubbliche Amministrazioni Centrali,1,Altre Pubbliche Amministrazioni locali,dfc8c208-813a-4da1-be6c-b20789f6cd93,PCP - Comunica post pubblicazione,Autorita' Nazionale Anticorruzione - A.N.AC.,97212.0
12,Pubbliche Amministrazioni Centrali,1,Altre Pubbliche Amministrazioni locali,52362c8e-eccf-490c-935b-dcb56ec66c01,C007–ServizioVerificaDichEsistenzaVita-approvazione_automati,Ministero dell'Interno,177747.0
12,Pubbliche Amministrazioni Centrali,1,Altre Pubbliche Amministrazioni locali,592fa08b-3c3b-459a-af7e-ae0330f38eb3,PCP - FVC,Autorita' Nazionale Anticorruzione - A.N.AC.,108716.0
12,Pubbliche Amministrazioni Centrali,1,Altre Pubbliche Amministrazioni locali,2d97cffc-27cb-4705-a21d-9e1084aec9e3,INAD CONSULTAZIONE DD,Agenzia per L'Italia Digitale,2649674.0
12,Pubbliche Amministrazioni Centrali,2,Aziende sanitarie locali e Strutture di ricovero,724b2695-6453-4095-ad75-9f81a5a3b190,C016-servizioAccertamentoDichDecesso,Ministero dell'Interno,7317.0
12,Pubbliche Amministrazioni Centrali,2,Aziende sanitarie locali e Strutture di ricovero,ce093b84-bcb2-4bdd-ae75-0fc1dcf56ce1,PCP - Pubblica avviso,Autorita' Nazionale Anticorruzione - A.N.AC.,568.0
12,Pubbliche Amministrazioni Centrali,2,Aziende sanitarie locali e Strutture di ricovero,8fe27f7f-b559-4c51-90b6-a4d6eae4ae01,C020-servizioAccertamentoResidenza,Ministero dell'Interno,11202.0
12,Pubbliche Amministrazioni Centrali,2,Aziende sanitarie locali e Strutture di ricovero,12d5ff12-7894-4c89-bbfc-033418fb1e38,C030-servizioAccertamentoIdUnicoNazionale-approvazione_autom,Ministero dell'Interno,20707.0
12,Pubbliche Amministrazioni Centrali,2,Aziende sanitarie locali e Strutture di ricovero,28a33c9f-7450-4f66-8776-4db37adab3a5,PCP - Servizi comuni,Autorita' Nazionale Anticorruzione - A.N.AC.,836.0
12,Pubbliche Amministrazioni Centrali,2,Aziende sanitarie locali e Strutture di ricovero,3ec6f973-36ab-4816-8e96-22ffb512648c,C021-servizioAccertamentoStatoFamiglia,Ministero dell'Interno,486.0
12,Pubbliche Amministrazioni Centrali,2,Aziende sanitarie locali e Strutture di ricovero,dfc8c208-813a-4da1-be6c-b20789f6cd93,PCP - Comunica post pubblicazione,Autorita' Nazionale Anticorruzione - A.N.AC.,465.0
12,Pubbliche Amministrazioni Centrali,2,Aziende sanitarie locali e Strutture di ricovero,87fa140e-24ec-4bfa-92b1-4b7cd5997996,AUSA - Anagrafe Unica delle Stazioni Appaltanti,Autorita' Nazionale Anticorruzione - A.N.AC.,451.0
12,Pubbliche Amministrazioni Centrali,2,Aziende sanitarie locali e Strutture di ricovero,592fa08b-3c3b-459a-af7e-ae0330f38eb3,PCP - FVC,Autorita' Nazionale Anticorruzione - A.N.AC.,408.0
12,Pubbliche Amministrazioni Centrali,2,Aziende sanitarie locali e Strutture di ricovero,2d97cffc-27cb-4705-a21d-9e1084aec9e3,INAD CONSULTAZIONE DD,Agenzia per L'Italia Digitale,2625.0
12,Pubbliche Amministrazioni Centrali,3,Comuni,a308cad0-9bf2-4346-954e-6dde312f9e16,C018-servizioAccertamentoCittadinanza-approvazione_automatic,Ministero dell'Interno,7489782.0
12,Pubbliche Amministrazioni Centrali,3,Comuni,0aa3313a-41bc-4c0b-af2b-338483583525,ANNCSU - Aggiornamento coordinate,Agenzia delle Entrate,3716455.0
12,Pubbliche Amministrazioni Centrali,3,Comuni,12d5ff12-7894-4c89-bbfc-033418fb1e38,C030-servizioAccertamentoIdUnicoNazionale-approvazione_autom,Ministero dell'Interno,6223080.0
12,Pubbliche Amministrazioni Centrali,3,Comuni,f978f8b9-de00-45ba-801b-1b4a60b547d9,C015-servizioAccertamentoGeneralita-approvazione_automatica,Ministero dell'Interno,894637.0
12,Pubbliche Amministrazioni Centrali,3,Comuni,c0e20947-7c1a-416e-9abf-0dfbfb3fec24,C002-servizioComunicazione-approvazione_automatica,Ministero dell'Interno,7480501.0
12,Pubbliche Amministrazioni Centrali,3,Comuni,5e023f06-e5d4-4f8a-b7b8-299b97d2abee,C021-servizioAccertamentoStatoFamiglia-approvazione_automati,Ministero dell'Interno,8545470.0
12,Pubbliche Amministrazioni Centrali,3,Comuni,57d95a2a-d740-43be-8083-b09077856e72,ANNCSU - Aggiornamento accessi,Agenzia delle Entrate,6382163.0
12,Pubbliche Amministrazioni Centrali,3,Comuni,a152b46b-f330-494d-9845-82c460bc9fcf,C020-servizioAccertamentoResidenza-approvazione_automatica,Ministero dell'Interno,30461121.0
12,Pubbliche Amministrazioni Centrali,3,Comuni,fd741918-cac1-4d5f-9437-15b520b4cce3,C019-servizioAccertamentoEsistenzaVita-approvazione_automati,Ministero dell'Interno,1556416.0
12,Pubbliche Amministrazioni Centrali,3,Comuni,2d97cffc-27cb-4705-a21d-9e1084aec9e3,INAD CONSULTAZIONE DD,Agenzia per L'Italia Digitale,18305928.0
12,Pubbliche Amministrazioni Centrali,5,Province e Città Metropolitane,e9ed562f-cc12-46ab-91e3-e8199bee9728,C001–servizioNotifica-approvazione_automatica,Ministero dell'Interno,1010.0
12,Pubbliche Amministrazioni Centrali,5,Province e Città Metropolitane,8fe27f7f-b559-4c51-90b6-a4d6eae4ae01,C020-servizioAccertamentoResidenza,Ministero dell'Interno,80521.0
12,Pubbliche Amministrazioni Centrali,5,Province e Città Metropolitane,12d5ff12-7894-4c89-bbfc-033418fb1e38,C030-servizioAccertamentoIdUnicoNazionale-approvazione_autom,Ministero dell'Interno,55884.0
12,Pubbliche Amministrazioni Centrali,5,Province e Città Metropolitane,28a33c9f-7450-4f66-8776-4db37adab3a5,PCP - Servizi comuni,Autorita' Nazionale Anticorruzione - A.N.AC.,709.0
12,Pubbliche Amministrazioni Centrali,5,Province e Città Metropolitane,f978f8b9-de00-45ba-801b-1b4a60b547d9,C015-servizioAccertamentoGeneralita-approvazione_automatica,Ministero dell'Interno,603.0
12,Pubbliche Amministrazioni Centrali,5,Province e Città Metropolitane,ef62480c-7664-4c66-9fb6-94cf3e4d97e4,Consultazione competenze e profili Minerva,Dipartimento della Funzione Pubblica,2320.0
12,Pubbliche Amministrazioni Centrali,5,Province e Città Metropolitane,a152b46b-f330-494d-9845-82c460bc9fcf,C020-servizioAccertamentoResidenza-approvazione_automatica,Ministero dell'Interno,12291.0
12,Pubbliche Amministrazioni Centrali,5,Province e Città Metropolitane,52362c8e-eccf-490c-935b-dcb56ec66c01,C007–ServizioVerificaDichEsistenzaVita-approvazione_automati,Ministero dell'Interno,14914.0
12,Pubbliche Amministrazioni Centrali,5,Province e Città Metropolitane,87fa140e-24ec-4bfa-92b1-4b7cd5997996,AUSA - Anagrafe Unica delle Stazioni Appaltanti,Autorita' Nazionale Anticorruzione - A.N.AC.,608.0
12,Pubbliche Amministrazioni Centrali,5,Province e Città Metropolitane,2d97cffc-27cb-4705-a21d-9e1084aec9e3,INAD CONSULTAZIONE DD,Agenzia per L'Italia Digitale,234606.0
12,Pubbliche Amministrazioni Centrali,7,Regioni e Province Autonome,463cf9fe-9d72-463e-922d-e200ba45fdae,ANIST - Accertamento Frequenze,Ministero dell'istruzione e del merito,119364.0
12,Pubbliche Amministrazioni Centrali,7,Regioni e Province Autonome,12d5ff12-7894-4c89-bbfc-033418fb1e38,C030-servizioAccertamentoIdUnicoNazionale-approvazione_autom,Ministero dell'Interno,287135.0
12,Pubbliche Amministrazioni Centrali,7,Regioni e Province Autonome,28a33c9f-7450-4f66-8776-4db37adab3a5,PCP - Servizi comuni,Autorita' Nazionale Anticorruzione - A.N.AC.,757971.0
12,Pubbliche Amministrazioni Centrali,7,Regioni e Province Autonome,e7d5bac0-7b04-40ae-a7ae-aa094dcc8572,Invio Comunicazioni Obbligatorie - Unilav,Ministero del Lavoro e delle Politiche Sociali,95245.0
12,Pubbliche Amministrazioni Centrali,7,Regioni e Province Autonome,9177c75a-24bd-4cff-ae81-8ed0e03bf4f1,Ricezione Comunicazioni Obbligatorie - UniSomm,Ministero del Lavoro e delle Politiche Sociali,326539.0
12,Pubbliche Amministrazioni Centrali,7,Regioni e Province Autonome,a152b46b-f330-494d-9845-82c460bc9fcf,C020-servizioAccertamentoResidenza-approvazione_automatica,Ministero dell'Interno,273398.0
12,Pubbliche Amministrazioni Centrali,7,Regioni e Province Autonome,c0db9916-d66a-4dc5-8ffc-c1e268e20cc4,VCF1 - Verifica Booleana Codice Fiscale ,Agenzia delle Entrate,105083.0
12,Pubbliche Amministrazioni Centrali,7,Regioni e Province Autonome,3ec6f973-36ab-4816-8e96-22ffb512648c,C021-servizioAccertamentoStatoFamiglia,Ministero dell'Interno,99823.0
12,Pubbliche Amministrazioni Centrali,7,Regioni e Province Autonome,592fa08b-3c3b-459a-af7e-ae0330f38eb3,PCP - FVC,Autorita' Nazionale Anticorruzione - A.N.AC.,319365.0
12,Pubbliche Amministrazioni Centrali,7,Regioni e Province Autonome,a158fc5c-b5cc-4d0f-a8a7-9c6481cbf8cd,Ricezione Comunicazioni Obbligatorie - Unilav,Ministero del Lavoro e delle Politiche Sociali,3039866.0
12,Pubbliche Amministrazioni Centrali,9,Stazioni Appaltanti e Gestori di pubblici servizi,ce093b84-bcb2-4bdd-ae75-0fc1dcf56ce1,PCP - Pubblica avviso,Autorita' Nazionale Anticorruzione - A.N.AC.,1725062.0
12,Pubbliche Amministrazioni Centrali,9,Stazioni Appaltanti e Gestori di pubblici servizi,e77ceead-0967-44f1-958d-367d7b7fcaaa,DGMOT-AppIO-La mia Patente,Ministero delle infrastrutture e dei trasporti,4924561.0
12,Pubbliche Amministrazioni Centrali,9,Stazioni Appaltanti e Gestori di pubblici servizi,12d5ff12-7894-4c89-bbfc-033418fb1e38,C030-servizioAccertamentoIdUnicoNazionale-approvazione_autom,Ministero dell'Interno,4024155.0
12,Pubbliche Amministrazioni Centrali,9,Stazioni Appaltanti e Gestori di pubblici servizi,579dcb3b-cc97-43dc-8080-64855408dd26,C001–servizioNotifica,Ministero dell'Interno,3074555.0
12,Pubbliche Amministrazioni Centrali,9,Stazioni Appaltanti e Gestori di pubblici servizi,28a33c9f-7450-4f66-8776-4db37adab3a5,PCP - Servizi comuni,Autorita' Nazionale Anticorruzione - A.N.AC.,4070180.0
12,Pubbliche Amministrazioni Centrali,9,Stazioni Appaltanti e Gestori di pubblici servizi,b5db89e0-1752-497c-983d-5ada7b20a12e,DGMOT-ITWALLET-Richiesta Patente con Emissione Sincrona,Ministero delle infrastrutture e dei trasporti,63886977.0
12,Pubbliche Amministrazioni Centrali,9,Stazioni Appaltanti e Gestori di pubblici servizi,84ff6795-2255-4784-95d8-c4eb4b89a6b5,PCP – Comunica appalto,Autorita' Nazionale Anticorruzione - A.N.AC.,4188506.0
12,Pubbliche Amministrazioni Centrali,9,Stazioni Appaltanti e Gestori di pubblici servizi,04b6e72d-2dfe-47cf-96e7-b7dc22ccbfcd,DGMOT-AppIO-I miei Veicoli,Ministero delle infrastrutture e dei trasporti,2990001.0
12,Pubbliche Amministrazioni Centrali,9,Stazioni Appaltanti e Gestori di pubblici servizi,dfc8c208-813a-4da1-be6c-b20789f6cd93,PCP - Comunica post pubblicazione,Autorita' Nazionale Anticorruzione - A.N.AC.,2039632.0
12,Pubbliche Amministrazioni Centrali,9,Stazioni Appaltanti e Gestori di pubblici servizi,592fa08b-3c3b-459a-af7e-ae0330f38eb3,PCP - FVC,Autorita' Nazionale Anticorruzione - A.N.AC.,4722001.0
12,Pubbliche Amministrazioni Centrali,10,Università e AFAM,cd62989d-172c-455e-af9b-228839012642,CONSULTAZIONE_Registro ambiti per comune-FSL_032,Ministero del Lavoro e delle Politiche Sociali,4163.0
12,Pubbliche Amministrazioni Centrali,10,Università e AFAM,12d5ff12-7894-4c89-bbfc-033418fb1e38,C030-servizioAccertamentoIdUnicoNazionale-approvazione_autom,Ministero dell'Interno,9341.0
12,Pubbliche Amministrazioni Centrali,10,Università e AFAM,0bb78282-87bc-486b-8ef0-27a11852c8fb,VPIVA1 - Verifica Partita Iva,Agenzia delle Entrate,123.0
12,Pubbliche Amministrazioni Centrali,10,Università e AFAM,586b3102-8985-483a-ac0b-408bc0cd9f13,C009-servizioVerificaDichStatoFamiglia-approvazione_automati,Ministero dell'Interno,233.0
12,Pubbliche Amministrazioni Centrali,10,Università e AFAM,78fd67d2-a23e-46f4-8ff0-734c04b54feb,ANIST - Accertamento Titoli,Ministero dell'istruzione e del merito,4331.0
12,Pubbliche Amministrazioni Centrali,10,Università e AFAM,ef62480c-7664-4c66-9fb6-94cf3e4d97e4,Consultazione competenze e profili Minerva,Dipartimento della Funzione Pubblica,226.0
12,Pubbliche Amministrazioni Centrali,10,Università e AFAM,1015a5f3-0bfa-4da2-accb-a1dd2260a777,C008-servizioVerificaDichResidenza-approvazione_automatica,Ministero dell'Interno,206.0
12,Pubbliche Amministrazioni Centrali,10,Università e AFAM,06a2d800-1f5f-46d0-8602-d1ed7eabedf6,ANIS - Consultazione Iscrizioni [IFS02],MINISTERO DELL'UNIVERSITA' E DELLA RICERCA,1110.0
12,Pubbliche Amministrazioni Centrali,10,Università e AFAM,c0db9916-d66a-4dc5-8ffc-c1e268e20cc4,VCF1 - Verifica Booleana Codice Fiscale ,Agenzia delle Entrate,1314.0
12,Pubbliche Amministrazioni Centrali,10,Università e AFAM,b943e5ed-1cdc-4010-8bd7-da6ee221b923,ANIS - Consultazione Titoli [IFS03],MINISTERO DELL'UNIVERSITA' E DELLA RICERCA,646055.0
12,Pubbliche Amministrazioni Centrali,4,Enti Nazionali di Previdenza ed Assistenza Sociale,6ee0e5c9-1382-40fc-ad1b-2f185abec256,C019-servizioAccertamentoEsistenzaVita,Ministero dell'Interno,180835.0
12,Pubbliche Amministrazioni Centrali,4,Enti Nazionali di Previdenza ed Assistenza Sociale,724b2695-6453-4095-ad75-9f81a5a3b190,C016-servizioAccertamentoDichDecesso,Ministero dell'Interno,5679.0
12,Pubbliche Amministrazioni Centrali,4,Enti Nazionali di Previdenza ed Assistenza Sociale,8fe27f7f-b559-4c51-90b6-a4d6eae4ae01,C020-servizioAccertamentoResidenza,Ministero dell'Interno,260588.0
12,Pubbliche Amministrazioni Centrali,4,Enti Nazionali di Previdenza ed Assistenza Sociale,8177f7f9-9c7b-4c2e-a810-65880ff8b66b,C017-servizioAccertamentoMatrimonio,Ministero dell'Interno,50017.0
12,Pubbliche Amministrazioni Centrali,4,Enti Nazionali di Previdenza ed Assistenza Sociale,e7d5bac0-7b04-40ae-a7ae-aa094dcc8572,Invio Comunicazioni Obbligatorie - Unilav,Ministero del Lavoro e delle Politiche Sociali,27258.0
12,Pubbliche Amministrazioni Centrali,4,Enti Nazionali di Previdenza ed Assistenza Sociale,bfc9fb06-8886-45a4-9ce9-bc93264958ce,C015-servizioAccertamentoGeneralita,Ministero dell'Interno,227482.0
12,Pubbliche Amministrazioni Centrali,4,Enti Nazionali di Previdenza ed Assistenza Sociale,3ec6f973-36ab-4816-8e96-22ffb512648c,C021-servizioAccertamentoStatoFamiglia,Ministero dell'Interno,39124.0
12,Pubbliche Amministrazioni Centrali,4,Enti Nazionali di Previdenza ed Assistenza Sociale,f2f3fad0-c3d7-4e97-8a29-492b603926dd,C030-servizioAccertamentoIdUnicoNazionale,Ministero dell'Interno,194047.0
12,Pubbliche Amministrazioni Centrali,4,Enti Nazionali di Previdenza ed Assistenza Sociale,cc420368-9122-4f07-9ae0-33dbe34ae524,Consultazione comunicazioni - Lavori usuranti,Ministero del Lavoro e delle Politiche Sociali,7043.0
12,Pubbliche Amministrazioni Centrali,4,Enti Nazionali di Previdenza ed Assistenza Sociale,2d97cffc-27cb-4705-a21d-9e1084aec9e3,INAD CONSULTAZIONE DD,Agenzia per L'Italia Digitale,495301.0
12,Pubbliche Amministrazioni Centrali,11,Enti privati,28c52471-0da2-47ce-9140-36a0cc69b1a8,PCP - FVPQOE,Autorita' Nazionale Anticorruzione - A.N.AC.,167332.0
12,Pubbliche Amministrazioni Centrali,11,Enti privati,ce093b84-bcb2-4bdd-ae75-0fc1dcf56ce1,PCP - Pubblica avviso,Autorita' Nazionale Anticorruzione - A.N.AC.,1766809.0
12,Pubbliche Amministrazioni Centrali,11,Enti privati,28a33c9f-7450-4f66-8776-4db37adab3a5,PCP - Servizi comuni,Autorita' Nazionale Anticorruzione - A.N.AC.,4190961.0
12,Pubbliche Amministrazioni Centrali,11,Enti privati,84ff6795-2255-4784-95d8-c4eb4b89a6b5,PCP – Comunica appalto,Autorita' Nazionale Anticorruzione - A.N.AC.,2991327.0
12,Pubbliche Amministrazioni Centrali,11,Enti privati,a5549d0a-0580-490c-9441-525f90a2259f,PCP - FVA,Autorita' Nazionale Anticorruzione - A.N.AC.,2220905.0
12,Pubbliche Amministrazioni Centrali,11,Enti privati,fd741918-cac1-4d5f-9437-15b520b4cce3,C019-servizioAccertamentoEsistenzaVita-approvazione_automati,Ministero dell'Interno,7465686.0
12,Pubbliche Amministrazioni Centrali,11,Enti privati,c0e26d8d-ac9c-4fb4-b960-edc335db4338,PCP - Gestione utenti,Autorita' Nazionale Anticorruzione - A.N.AC.,498712.0
12,Pubbliche Amministrazioni Centrali,11,Enti privati,dfc8c208-813a-4da1-be6c-b20789f6cd93,PCP - Comunica post pubblicazione,Autorita' Nazionale Anticorruzione - A.N.AC.,2746101.0
12,Pubbliche Amministrazioni Centrali,11,Enti privati,87fa140e-24ec-4bfa-92b1-4b7cd5997996,AUSA - Anagrafe Unica delle Stazioni Appaltanti,Autorita' Nazionale Anticorruzione - A.N.AC.,431779.0
12,Pubbliche Amministrazioni Centrali,11,Enti privati,592fa08b-3c3b-459a-af7e-ae0330f38eb3,PCP - FVC,Autorita' Nazionale Anticorruzione - A.N.AC.,2562122.0
12,Pubbliche Amministrazioni Centrali,8,Scuole,78fd67d2-a23e-46f4-8ff0-734c04b54feb,ANIST - Accertamento Titoli,Ministero dell'istruzione e del merito,13.0
12,Pubbliche Amministrazioni Centrali,8,Scuole,b943e5ed-1cdc-4010-8bd7-da6ee221b923,ANIS - Consultazione Titoli [IFS03],MINISTERO DELL'UNIVERSITA' E DELLA RICERCA,18.0
12,Pubbliche Amministrazioni Centrali,8,Scuole,2d97cffc-27cb-4705-a21d-9e1084aec9e3,INAD CONSULTAZIONE DD,Agenzia per L'Italia Digitale,10.0
12,Pubbliche Amministrazioni Centrali,0,Totale,a308cad0-9bf2-4346-954e-6dde312f9e16,C018-servizioAccertamentoCittadinanza-approvazione_automatic,Ministero dell'Interno,7833904.0
12,Pubbliche Amministrazioni Centrali,0,Totale,12d5ff12-7894-4c89-bbfc-033418fb1e38,C030-servizioAccertamentoIdUnicoNazionale-approvazione_autom,Ministero dell'Interno,12672822.0
12,Pubbliche Amministrazioni Centrali,0,Totale,28a33c9f-7450-4f66-8776-4db37adab3a5,PCP - Servizi comuni,Autorita' Nazionale Anticorruzione - A.N.AC.,9692036.0
12,Pubbliche Amministrazioni Centrali,0,Totale,b5db89e0-1752-497c-983d-5ada7b20a12e,DGMOT-ITWALLET-Richiesta Patente con Emissione Sincrona,Ministero delle infrastrutture e dei trasporti,63887001.0
12,Pubbliche Amministrazioni Centrali,0,Totale,84ff6795-2255-4784-95d8-c4eb4b89a6b5,PCP – Comunica appalto,Autorita' Nazionale Anticorruzione - A.N.AC.,7525928.0
12,Pubbliche Amministrazioni Centrali,0,Totale,5e023f06-e5d4-4f8a-b7b8-299b97d2abee,C021-servizioAccertamentoStatoFamiglia-approvazione_automati,Ministero dell'Interno,8582228.0
12,Pubbliche Amministrazioni Centrali,0,Totale,a152b46b-f330-494d-9845-82c460bc9fcf,C020-servizioAccertamentoResidenza-approvazione_automatica,Ministero dell'Interno,31231758.0
12,Pubbliche Amministrazioni Centrali,0,Totale,fd741918-cac1-4d5f-9437-15b520b4cce3,C019-servizioAccertamentoEsistenzaVita-approvazione_automati,Ministero dell'Interno,9514606.0
12,Pubbliche Amministrazioni Centrali,0,Totale,592fa08b-3c3b-459a-af7e-ae0330f38eb3,PCP - FVC,Autorita' Nazionale Anticorruzione - A.N.AC.,7718176.0
12,Pubbliche Amministrazioni Centrali,0,Totale,2d97cffc-27cb-4705-a21d-9e1084aec9e3,INAD CONSULTAZIONE DD,Agenzia per L'Italia Digitale,22126914.0
